realization,seed,t,inter_edge_decay_rate,S,I,R,D,prevalence,s_frac,r_frac,d_frac,mean_infected_virulence,virulence_variance,active_edges,inter_edges,realized_clustering,cumulative_deaths,cumulative_intercommunity_transmissions,extinct
0,,100.0,0.02,33,3,84,0,0.025,0.275,0.7,0.0,0.39552071001181793,0.00012481902581992538,478.0,0.0,0.6233796296296302,6,7,0
0,,101.0,0.02,33,3,84,0,0.025,0.275,0.7,0.0,0.39552071001181793,0.00012481902581992538,478.0,0.0,0.6233796296296302,6,7,0
0,,102.0,0.02,34,3,83,0,0.025,0.2833333333333333,0.6916666666666667,0.0,0.39552071001181793,0.00012481902581992538,477.0,0.0,0.6244708994709001,6,7,0
0,,103.0,0.02,35,4,81,0,0.03333333333333333,0.2916666666666667,0.675,0.0,0.38676237299817806,0.0003237396710984288,477.0,0.0,0.6244708994709001,6,7,0
0,,104.0,0.02,34,4,82,0,0.03333333333333333,0.2833333333333333,0.6833333333333333,0.0,0.3968232843417817,0.0008723491849547975,476.0,0.0,0.6226256613756622,6,7,0
0,,105.0,0.02,34,3,83,0,0.025,0.2833333333333333,0.6916666666666667,0.0,0.3933733364994569,0.001115523686147349,479.0,0.0,0.6255621693121699,6,7,0
0,,106.0,0.02,36,3,81,0,0.025,0.3,0.675,0.0,0.3933733364994569,0.001115523686147349,478.0,0.0,0.6259788359788366,6,7,0
0,,107.0,0.02,39,3,78,0,0.025,0.325,0.65,0.0,0.3933733364994569,0.001115523686147349,478.0,0.0,0.6259788359788366,6,7,0
0,,108.0,0.02,38,3,79,0,0.025,0.31666666666666665,0.6583333333333333,0.0,0.41465005990266773,0.0006215100353420453,478.0,0.0,0.6259788359788366,6,8,0
0,,109.0,0.02,38,3,79,0,0.025,0.31666666666666665,0.6583333333333333,0.0,0.41465005990266773,0.0006215100353420453,478.0,0.0,0.6259788359788366,6,8,0
0,,110.0,0.02,38,3,79,0,0.025,0.31666666666666665,0.6583333333333333,0.0,0.41465005990266773,0.0006215100353420453,477.0,0.0,0.6262764550264557,6,8,0
0,,111.0,0.02,39,2,79,0,0.016666666666666666,0.325,0.6583333333333333,0.0,0.40238556190465763,0.0004810113195834864,477.0,0.0,0.6262764550264557,6,8,0
0,,112.0,0.02,42,2,76,0,0.016666666666666666,0.35,0.6333333333333333,0.0,0.40238556190465763,0.0004810113195834864,477.0,0.0,0.6262764550264557,6,8,0
0,,113.0,0.02,42,2,76,0,0.016666666666666666,0.35,0.6333333333333333,0.0,0.40238556190465763,0.0004810113195834864,477.0,0.0,0.6262764550264557,6,8,0
0,,114.0,0.02,43,2,75,0,0.016666666666666666,0.35833333333333334,0.625,0.0,0.40238556190465763,0.0004810113195834864,477.0,0.0,0.6262764550264557,6,8,0
0,,115.0,0.02,44,2,74,0,0.016666666666666666,0.36666666666666664,0.6166666666666667,0.0,0.40238556190465763,0.0004810113195834864,477.0,0.0,0.6262764550264557,6,8,0
0,,116.0,0.02,44,2,74,0,0.016666666666666666,0.36666666666666664,0.6166666666666667,0.0,0.40238556190465763,0.0004810113195834864,477.0,0.0,0.6262764550264557,6,8,0
0,,117.0,0.02,45,2,73,0,0.016666666666666666,0.375,0.6083333333333333,0.0,0.40238556190465763,0.0004810113195834864,477.0,0.0,0.6262764550264557,6,8,0
0,,118.0,0.02,44,3,73,0,0.025,0.36666666666666664,0.6083333333333333,0.0,0.37480827532249106,0.0018416876835255485,476.0,0.0,0.6252447089947097,6,8,0
0,,119.0,0.02,46,2,72,0,0.016666666666666666,0.38333333333333336,0.6,0.0,0.40238556190465763,0.0004810113195834864,476.0,0.0,0.6252447089947097,6,8,0
0,,120.0,0.02,47,2,71,0,0.016666666666666666,0.39166666666666666,0.5916666666666667,0.0,0.40238556190465763,0.0004810113195834864,476.0,0.0,0.6252447089947097,6,8,0
0,,121.0,0.02,48,2,70,0,0.016666666666666666,0.4,0.5833333333333334,0.0,0.40238556190465763,0.0004810113195834864,476.0,0.0,0.6252447089947097,6,8,0
0,,122.0,0.02,49,2,69,0,0.016666666666666666,0.4083333333333333,0.575,0.0,0.40238556190465763,0.0004810113195834864,476.0,0.0,0.6252447089947097,6,8,0
0,,123.0,0.02,49,2,69,0,0.016666666666666666,0.4083333333333333,0.575,0.0,0.40238556190465763,0.0004810113195834864,476.0,0.0,0.6252447089947097,6,8,0
0,,124.0,0.02,50,1,69,0,0.008333333333333333,0.4166666666666667,0.575,0.0,0.3804535916424243,0.0,478.0,0.0,0.6259788359788366,6,8,0
0,,125.0,0.02,51,1,68,0,0.008333333333333333,0.425,0.5666666666666667,0.0,0.3804535916424243,0.0,478.0,0.0,0.6259788359788366,6,8,0
0,,126.0,0.02,51,1,68,0,0.008333333333333333,0.425,0.5666666666666667,0.0,0.3804535916424243,0.0,478.0,0.0,0.6259788359788366,6,8,0
0,,127.0,0.02,51,1,68,0,0.008333333333333333,0.425,0.5666666666666667,0.0,0.3804535916424243,0.0,478.0,0.0,0.6259788359788366,6,8,0
0,,128.0,0.02,53,1,66,0,0.008333333333333333,0.44166666666666665,0.55,0.0,0.3804535916424243,0.0,478.0,0.0,0.6259788359788366,6,8,0
0,,129.0,0.02,54,1,65,0,0.008333333333333333,0.45,0.5416666666666666,0.0,0.3804535916424243,0.0,478.0,0.0,0.6259788359788366,6,8,0
0,,130.0,0.02,55,1,64,0,0.008333333333333333,0.4583333333333333,0.5333333333333333,0.0,0.3804535916424243,0.0,478.0,0.0,0.6259788359788366,6,8,0
0,,131.0,0.02,55,1,64,0,0.008333333333333333,0.4583333333333333,0.5333333333333333,0.0,0.3804535916424243,0.0,478.0,0.0,0.6259788359788366,6,8,0
0,,132.0,0.02,55,1,64,0,0.008333333333333333,0.4583333333333333,0.5333333333333333,0.0,0.3804535916424243,0.0,478.0,0.0,0.6259788359788366,6,8,0
0,,133.0,0.02,55,1,64,0,0.008333333333333333,0.4583333333333333,0.5333333333333333,0.0,0.3804535916424243,0.0,478.0,0.0,0.6259788359788366,6,8,0
0,,134.0,0.02,55,1,64,0,0.008333333333333333,0.4583333333333333,0.5333333333333333,0.0,0.3804535916424243,0.0,478.0,0.0,0.6259788359788366,6,8,0
0,,135.0,0.02,56,1,63,0,0.008333333333333333,0.4666666666666667,0.525,0.0,0.3804535916424243,0.0,478.0,0.0,0.6259788359788366,6,8,0
0,,136.0,0.02,56,0,64,0,0.0,0.4666666666666667,0.5333333333333333,0.0,nan,nan,480.0,0.0,0.6252645502645506,6,8,1
0,,137.0,0.02,56,0,64,0,0.0,0.4666666666666667,0.5333333333333333,0.0,nan,nan,480.0,0.0,0.6252645502645506,6,8,1
0,,138.0,0.02,56,0,64,0,0.0,0.4666666666666667,0.5333333333333333,0.0,nan,nan,480.0,0.0,0.6252645502645506,6,8,1
0,,139.0,0.02,56,0,64,0,0.0,0.4666666666666667,0.5333333333333333,0.0,nan,nan,480.0,0.0,0.6252645502645506,6,8,1
0,,140.0,0.02,58,0,62,0,0.0,0.48333333333333334,0.5166666666666667,0.0,nan,nan,480.0,0.0,0.6252645502645506,6,8,1
0,,141.0,0.02,58,0,62,0,0.0,0.48333333333333334,0.5166666666666667,0.0,nan,nan,480.0,0.0,0.6252645502645506,6,8,1
0,,142.0,0.02,58,0,62,0,0.0,0.48333333333333334,0.5166666666666667,0.0,nan,nan,480.0,0.0,0.6252645502645506,6,8,1
0,,143.0,0.02,59,0,61,0,0.0,0.49166666666666664,0.5083333333333333,0.0,nan,nan,480.0,0.0,0.6252645502645506,6,8,1
0,,144.0,0.02,59,0,61,0,0.0,0.49166666666666664,0.5083333333333333,0.0,nan,nan,480.0,0.0,0.6252645502645506,6,8,1
0,,145.0,0.02,60,0,60,0,0.0,0.5,0.5,0.0,nan,nan,480.0,0.0,0.6252645502645506,6,8,1
0,,146.0,0.02,63,0,57,0,0.0,0.525,0.475,0.0,nan,nan,480.0,0.0,0.6252645502645506,6,8,1
0,,147.0,0.02,63,0,57,0,0.0,0.525,0.475,0.0,nan,nan,480.0,0.0,0.6252645502645506,6,8,1
0,,148.0,0.02,64,0,56,0,0.0,0.5333333333333333,0.4666666666666667,0.0,nan,nan,480.0,0.0,0.6252645502645506,6,8,1
0,,149.0,0.02,65,0,55,0,0.0,0.5416666666666666,0.4583333333333333,0.0,nan,nan,480.0,0.0,0.6252645502645506,6,8,1
0,,150.0,0.02,65,0,55,0,0.0,0.5416666666666666,0.4583333333333333,0.0,nan,nan,480.0,0.0,0.6252645502645506,6,8,1
0,,151.0,0.02,66,0,54,0,0.0,0.55,0.45,0.0,nan,nan,480.0,0.0,0.6252645502645506,6,8,1
0,,152.0,0.02,66,0,54,0,0.0,0.55,0.45,0.0,nan,nan,480.0,0.0,0.6252645502645506,6,8,1
0,,153.0,0.02,67,0,53,0,0.0,0.5583333333333333,0.44166666666666665,0.0,nan,nan,480.0,0.0,0.6252645502645506,6,8,1
0,,154.0,0.02,68,0,52,0,0.0,0.5666666666666667,0.43333333333333335,0.0,nan,nan,480.0,0.0,0.6252645502645506,6,8,1
0,,155.0,0.02,69,0,51,0,0.0,0.575,0.425,0.0,nan,nan,480.0,0.0,0.6252645502645506,6,8,1
0,,156.0,0.02,69,0,51,0,0.0,0.575,0.425,0.0,nan,nan,480.0,0.0,0.6252645502645506,6,8,1
0,,157.0,0.02,71,0,49,0,0.0,0.5916666666666667,0.4083333333333333,0.0,nan,nan,480.0,0.0,0.6252645502645506,6,8,1
0,,158.0,0.02,71,0,49,0,0.0,0.5916666666666667,0.4083333333333333,0.0,nan,nan,480.0,0.0,0.6252645502645506,6,8,1
0,,159.0,0.02,72,0,48,0,0.0,0.6,0.4,0.0,nan,nan,480.0,0.0,0.6252645502645506,6,8,1
0,,160.0,0.02,72,0,48,0,0.0,0.6,0.4,0.0,nan,nan,480.0,0.0,0.6252645502645506,6,8,1
0,,161.0,0.02,73,0,47,0,0.0,0.6083333333333333,0.39166666666666666,0.0,nan,nan,480.0,0.0,0.6252645502645506,6,8,1
0,,162.0,0.02,74,0,46,0,0.0,0.6166666666666667,0.38333333333333336,0.0,nan,nan,480.0,0.0,0.6252645502645506,6,8,1
0,,163.0,0.02,74,0,46,0,0.0,0.6166666666666667,0.38333333333333336,0.0,nan,nan,480.0,0.0,0.6252645502645506,6,8,1
0,,164.0,0.02,75,0,45,0,0.0,0.625,0.375,0.0,nan,nan,480.0,0.0,0.6252645502645506,6,8,1
0,,165.0,0.02,75,0,45,0,0.0,0.625,0.375,0.0,nan,nan,480.0,0.0,0.6252645502645506,6,8,1
0,,166.0,0.02,75,0,45,0,0.0,0.625,0.375,0.0,nan,nan,480.0,0.0,0.6252645502645506,6,8,1
0,,167.0,0.02,75,0,45,0,0.0,0.625,0.375,0.0,nan,nan,480.0,0.0,0.6252645502645506,6,8,1
0,,168.0,0.02,75,0,45,0,0.0,0.625,0.375,0.0,nan,nan,480.0,0.0,0.6252645502645506,6,8,1
0,,169.0,0.02,76,0,44,0,0.0,0.6333333333333333,0.36666666666666664,0.0,nan,nan,480.0,0.0,0.6252645502645506,6,8,1
0,,170.0,0.02,79,0,41,0,0.0,0.6583333333333333,0.3416666666666667,0.0,nan,nan,480.0,0.0,0.6252645502645506,6,8,1
0,,171.0,0.02,79,0,41,0,0.0,0.6583333333333333,0.3416666666666667,0.0,nan,nan,480.0,0.0,0.6252645502645506,6,8,1
0,,172.0,0.02,79,0,41,0,0.0,0.6583333333333333,0.3416666666666667,0.0,nan,nan,480.0,0.0,0.6252645502645506,6,8,1
0,,173.0,0.02,80,0,40,0,0.0,0.6666666666666666,0.3333333333333333,0.0,nan,nan,480.0,0.0,0.6252645502645506,6,8,1
0,,174.0,0.02,80,0,40,0,0.0,0.6666666666666666,0.3333333333333333,0.0,nan,nan,480.0,0.0,0.6252645502645506,6,8,1
0,,175.0,0.02,80,0,40,0,0.0,0.6666666666666666,0.3333333333333333,0.0,nan,nan,480.0,0.0,0.6252645502645506,6,8,1
0,,176.0,0.02,80,0,40,0,0.0,0.6666666666666666,0.3333333333333333,0.0,nan,nan,480.0,0.0,0.6252645502645506,6,8,1
0,,177.0,0.02,80,0,40,0,0.0,0.6666666666666666,0.3333333333333333,0.0,nan,nan,480.0,0.0,0.6252645502645506,6,8,1
0,,178.0,0.02,80,0,40,0,0.0,0.6666666666666666,0.3333333333333333,0.0,nan,nan,480.0,0.0,0.6252645502645506,6,8,1
0,,179.0,0.02,80,0,40,0,0.0,0.6666666666666666,0.3333333333333333,0.0,nan,nan,480.0,0.0,0.6252645502645506,6,8,1
0,,180.0,0.02,81,0,39,0,0.0,0.675,0.325,0.0,nan,nan,480.0,0.0,0.6252645502645506,6,8,1
0,,181.0,0.02,81,0,39,0,0.0,0.675,0.325,0.0,nan,nan,480.0,0.0,0.6252645502645506,6,8,1
0,,182.0,0.02,81,0,39,0,0.0,0.675,0.325,0.0,nan,nan,480.0,0.0,0.6252645502645506,6,8,1
0,,183.0,0.02,81,0,39,0,0.0,0.675,0.325,0.0,nan,nan,480.0,0.0,0.6252645502645506,6,8,1
0,,184.0,0.02,82,0,38,0,0.0,0.6833333333333333,0.31666666666666665,0.0,nan,nan,480.0,0.0,0.6252645502645506,6,8,1
0,,185.0,0.02,82,0,38,0,0.0,0.6833333333333333,0.31666666666666665,0.0,nan,nan,480.0,0.0,0.6252645502645506,6,8,1
0,,186.0,0.02,82,0,38,0,0.0,0.6833333333333333,0.31666666666666665,0.0,nan,nan,480.0,0.0,0.6252645502645506,6,8,1
0,,187.0,0.02,82,0,38,0,0.0,0.6833333333333333,0.31666666666666665,0.0,nan,nan,480.0,0.0,0.6252645502645506,6,8,1
0,,188.0,0.02,82,0,38,0,0.0,0.6833333333333333,0.31666666666666665,0.0,nan,nan,480.0,0.0,0.6252645502645506,6,8,1
0,,189.0,0.02,83,0,37,0,0.0,0.6916666666666667,0.30833333333333335,0.0,nan,nan,480.0,0.0,0.6252645502645506,6,8,1
0,,190.0,0.02,83,0,37,0,0.0,0.6916666666666667,0.30833333333333335,0.0,nan,nan,480.0,0.0,0.6252645502645506,6,8,1
0,,191.0,0.02,83,0,37,0,0.0,0.6916666666666667,0.30833333333333335,0.0,nan,nan,480.0,0.0,0.6252645502645506,6,8,1
0,,192.0,0.02,83,0,37,0,0.0,0.6916666666666667,0.30833333333333335,0.0,nan,nan,480.0,0.0,0.6252645502645506,6,8,1
0,,193.0,0.02,84,0,36,0,0.0,0.7,0.3,0.0,nan,nan,480.0,0.0,0.6252645502645506,6,8,1
0,,194.0,0.02,84,0,36,0,0.0,0.7,0.3,0.0,nan,nan,480.0,0.0,0.6252645502645506,6,8,1
0,,195.0,0.02,85,0,35,0,0.0,0.7083333333333334,0.2916666666666667,0.0,nan,nan,480.0,0.0,0.6252645502645506,6,8,1
0,,196.0,0.02,85,0,35,0,0.0,0.7083333333333334,0.2916666666666667,0.0,nan,nan,480.0,0.0,0.6252645502645506,6,8,1
0,,197.0,0.02,85,0,35,0,0.0,0.7083333333333334,0.2916666666666667,0.0,nan,nan,480.0,0.0,0.6252645502645506,6,8,1
0,,198.0,0.02,85,0,35,0,0.0,0.7083333333333334,0.2916666666666667,0.0,nan,nan,480.0,0.0,0.6252645502645506,6,8,1
0,,199.0,0.02,85,0,35,0,0.0,0.7083333333333334,0.2916666666666667,0.0,nan,nan,480.0,0.0,0.6252645502645506,6,8,1
0,,200.0,0.02,85,0,35,0,0.0,0.7083333333333334,0.2916666666666667,0.0,nan,nan,480.0,0.0,0.6252645502645506,6,8,1
1,,100.0,0.02,22,8,90,0,0.06666666666666667,0.18333333333333332,0.75,0.0,0.3449474126892957,0.001059034640899428,471.0,0.0,0.5982539682539681,2,7,0
1,,101.0,0.02,23,8,89,0,0.06666666666666667,0.19166666666666668,0.7416666666666667,0.0,0.3449474126892957,0.001059034640899428,471.0,0.0,0.5982539682539681,2,7,0
1,,102.0,0.02,23,8,89,0,0.06666666666666667,0.19166666666666668,0.7416666666666667,0.0,0.3449474126892957,0.001059034640899428,471.0,0.0,0.5982539682539681,2,7,0
1,,103.0,0.02,25,6,89,0,0.05,0.20833333333333334,0.7416666666666667,0.0,0.3530674391428388,0.0011482297362432371,471.0,0.0,0.5982539682539681,2,7,0
1,,104.0,0.02,25,5,90,0,0.041666666666666664,0.20833333333333334,0.75,0.0,0.35344378348052574,0.0013770258731288303,474.0,0.0,0.6013690476190476,2,7,0
1,,105.0,0.02,26,5,89,0,0.041666666666666664,0.21666666666666667,0.7416666666666667,0.0,0.35344378348052574,0.0013770258731288303,473.0,0.0,0.6042063492063492,2,7,0
1,,106.0,0.02,26,5,89,0,0.041666666666666664,0.21666666666666667,0.7416666666666667,0.0,0.35344378348052574,0.0013770258731288303,473.0,0.0,0.6042063492063492,2,7,0
1,,107.0,0.02,26,6,88,0,0.05,0.21666666666666667,0.7333333333333333,0.0,0.36234389036178277,0.0015435810734296866,473.0,0.0,0.6042063492063492,2,7,0
1,,108.0,0.02,27,6,87,0,0.05,0.225,0.725,0.0,0.36234389036178277,0.0015435810734296866,473.0,0.0,0.6042063492063492,2,7,0
1,,109.0,0.02,27,5,88,0,0.041666666666666664,0.225,0.7333333333333333,0.0,0.36084660533869356,0.0018388461134734204,473.0,0.0,0.6042063492063492,2,7,0
1,,110.0,0.02,28,5,87,0,0.041666666666666664,0.23333333333333334,0.725,0.0,0.36084660533869356,0.0018388461134734204,473.0,0.0,0.6042063492063492,2,7,0
1,,111.0,0.02,28,5,87,0,0.041666666666666664,0.23333333333333334,0.725,0.0,0.36084660533869356,0.0018388461134734204,472.0,0.0,0.6023875661375659,2,7,0
1,,112.0,0.02,29,5,86,0,0.041666666666666664,0.24166666666666667,0.7166666666666667,0.0,0.36084660533869356,0.0018388461134734204,471.0,0.0,0.6032738095238093,2,7,0
1,,113.0,0.02,30,5,85,0,0.041666666666666664,0.25,0.7083333333333334,0.0,0.3723436884697532,0.002342354791146828,473.0,0.0,0.6063095238095234,2,7,0
1,,114.0,0.02,31,5,84,0,0.041666666666666664,0.25833333333333336,0.7,0.0,0.3723436884697532,0.002342354791146828,473.0,0.0,0.6063095238095234,2,7,0
1,,115.0,0.02,32,5,83,0,0.041666666666666664,0.26666666666666666,0.6916666666666667,0.0,0.3723436884697532,0.002342354791146828,473.0,0.0,0.6063095238095234,2,7,0
1,,116.0,0.02,33,4,83,0,0.03333333333333333,0.275,0.6916666666666667,0.0,0.36972702435836574,0.0028937088335744187,473.0,0.0,0.6063095238095234,2,7,0
1,,117.0,0.02,33,5,82,0,0.041666666666666664,0.275,0.6833333333333333,0.0,0.3787498686866502,0.002640613945949356,473.0,0.0,0.6063095238095234,2,7,0
1,,118.0,0.02,32,5,83,0,0.041666666666666664,0.26666666666666666,0.6916666666666667,0.0,0.37844603555222434,0.002623911090174614,474.0,0.0,0.6075396825396823,2,7,0
1,,119.0,0.02,30,5,85,0,0.041666666666666664,0.25,0.7083333333333334,0.0,0.4054360373520526,0.0002991379587329808,476.0,0.0,0.610912698412698,2,7,0
1,,120.0,0.02,30,6,84,0,0.05,0.25,0.7,0.0,0.40836964334196874,0.0002923118527978456,476.0,0.0,0.610912698412698,2,7,0
1,,121.0,0.02,32,6,82,0,0.05,0.26666666666666666,0.6833333333333333,0.0,0.40836964334196874,0.0002923118527978456,476.0,0.0,0.610912698412698,2,7,0
1,,122.0,0.02,32,6,82,0,0.05,0.26666666666666666,0.6833333333333333,0.0,0.40836964334196874,0.0002923118527978456,476.0,0.0,0.610912698412698,2,7,0
1,,123.0,0.02,32,6,82,0,0.05,0.26666666666666666,0.6833333333333333,0.0,0.40836964334196874,0.0002923118527978456,476.0,0.0,0.610912698412698,2,7,0
1,,124.0,0.02,33,5,82,0,0.041666666666666664,0.275,0.6833333333333333,0.0,0.4054360373520526,0.0002991379587329808,475.0,0.0,0.6113293650793646,2,7,0
1,,125.0,0.02,33,4,83,0,0.03333333333333333,0.275,0.6916666666666667,0.0,0.4050690059632745,0.00037324888821448456,475.0,0.0,0.6113293650793646,2,7,0
1,,126.0,0.02,35,4,81,0,0.03333333333333333,0.2916666666666667,0.675,0.0,0.4050690059632745,0.00037324888821448456,475.0,0.0,0.6113293650793646,2,7,0
1,,127.0,0.02,35,3,82,0,0.025,0.2916666666666667,0.6833333333333333,0.0,0.39808932048820544,0.0003028011469624195,475.0,0.0,0.6113293650793646,2,7,0
1,,128.0,0.02,35,3,82,0,0.025,0.2916666666666667,0.6833333333333333,0.0,0.39808932048820544,0.0003028011469624195,475.0,0.0,0.6113293650793646,2,7,0
1,,129.0,0.02,34,4,82,0,0.03333333333333333,0.2833333333333333,0.6833333333333333,0.0,0.40277700312477116,0.00029302396572529466,474.0,0.0,0.610396825396825,2,8,0
1,,130.0,0.02,36,4,80,0,0.03333333333333333,0.3,0.6666666666666666,0.0,0.40277700312477116,0.00029302396572529466,474.0,0.0,0.610396825396825,2,8,0
1,,131.0,0.02,37,3,80,0,0.025,0.30833333333333335,0.6666666666666666,0.0,0.39875558883309886,0.00032601152934599414,475.0,0.0,0.6113293650793646,2,8,0
1,,132.0,0.02,39,4,77,0,0.03333333333333333,0.325,0.6416666666666667,0.0,0.3887385146247682,0.0005455339740951064,475.0,0.0,0.6113293650793646,2,8,0
1,,133.0,0.02,38,5,77,0,0.041666666666666664,0.31666666666666665,0.6416666666666667,0.0,0.38445175517255964,0.0005099324056804825,475.0,0.0,0.6113293650793646,2,8,0
1,,134.0,0.02,40,5,75,0,0.041666666666666664,0.3333333333333333,0.625,0.0,0.38445175517255964,0.0005099324056804825,474.0,0.0,0.609146825396825,2,8,0
1,,135.0,0.02,40,5,75,0,0.041666666666666664,0.3333333333333333,0.625,0.0,0.38445175517255964,0.0005099324056804825,474.0,0.0,0.609146825396825,2,8,0
1,,136.0,0.02,40,4,76,0,0.03333333333333333,0.3333333333333333,0.6333333333333333,0.0,0.3792333791917149,0.0005012582677133169,476.0,0.0,0.6084325396825395,2,8,0
1,,137.0,0.02,41,4,75,0,0.03333333333333333,0.3416666666666667,0.625,0.0,0.3792333791917149,0.0005012582677133169,476.0,0.0,0.6084325396825395,2,8,0
1,,138.0,0.02,41,3,76,0,0.025,0.3416666666666667,0.6333333333333333,0.0,0.38320959980104474,0.0006051030356148522,476.0,0.0,0.6084325396825395,2,8,0
1,,139.0,0.02,42,2,76,0,0.016666666666666666,0.35,0.6333333333333333,0.0,0.3877636715171223,0.0008454358458367452,478.0,0.0,0.606845238095238,2,8,0
1,,140.0,0.02,42,3,75,0,0.025,0.35,0.625,0.0,0.40452312516010674,0.00112538247004719,478.0,0.0,0.606845238095238,2,8,0
1,,141.0,0.02,43,3,74,0,0.025,0.35833333333333334,0.6166666666666667,0.0,0.40452312516010674,0.00112538247004719,478.0,0.0,0.606845238095238,2,8,0
1,,142.0,0.02,43,2,75,0,0.016666666666666666,0.35833333333333334,0.625,0.0,0.398364662222926,0.0015742937078248962,480.0,0.0,0.6095238095238094,2,8,0
1,,143.0,0.02,42,3,75,0,0.025,0.35,0.625,0.0,0.412915059029183,0.0014729572329890011,480.0,0.0,0.6095238095238094,2,8,0
1,,144.0,0.02,41,5,74,0,0.041666666666666664,0.3416666666666667,0.6166666666666667,0.0,0.4422491352034331,0.002300415640723581,480.0,0.0,0.6095238095238094,2,8,0
1,,145.0,0.02,41,4,75,0,0.03333333333333333,0.3416666666666667,0.625,0.0,0.44330091089277246,0.0028699883904010504,479.0,0.0,0.6063161375661374,2,8,0
1,,146.0,0.02,40,5,75,0,0.041666666666666664,0.3333333333333333,0.625,0.0,0.456580185893846,0.0030013472905373885,479.0,0.0,0.6063161375661374,2,8,0
1,,147.0,0.02,41,5,74,0,0.041666666666666664,0.3416666666666667,0.6166666666666667,0.0,0.456580185893846,0.0030013472905373885,479.0,0.0,0.6063161375661374,2,8,0
1,,148.0,0.02,42,5,73,0,0.041666666666666664,0.35,0.6083333333333333,0.0,0.456580185893846,0.0030013472905373885,479.0,0.0,0.6063161375661374,2,8,0
1,,149.0,0.02,42,3,75,0,0.025,0.35,0.625,0.0,0.49406592827591894,0.00033201844294875467,479.0,0.0,0.6077711640211639,2,8,0
1,,150.0,0.02,42,2,76,0,0.016666666666666666,0.35,0.6333333333333333,0.0,0.48625024946480827,0.00031477315858779997,479.0,0.0,0.6077711640211639,2,8,0
1,,151.0,0.02,41,3,76,0,0.025,0.3416666666666667,0.6333333333333333,0.0,0.4864086642627857,0.00020989896288830308,479.0,0.0,0.6077711640211639,2,9,0
1,,152.0,0.02,41,3,76,0,0.025,0.3416666666666667,0.6333333333333333,0.0,0.4864086642627857,0.00020989896288830308,479.0,0.0,0.6077711640211639,2,9,0
1,,153.0,0.02,42,3,75,0,0.025,0.35,0.625,0.0,0.4864086642627857,0.00020989896288830308,478.0,0.0,0.6054034391534391,2,9,0
1,,154.0,0.02,44,3,73,0,0.025,0.36666666666666664,0.6083333333333333,0.0,0.4864086642627857,0.00020989896288830308,478.0,0.0,0.6054034391534391,2,9,0
1,,155.0,0.02,46,3,71,0,0.025,0.38333333333333336,0.5916666666666667,0.0,0.4864086642627857,0.00020989896288830308,478.0,0.0,0.6054034391534391,2,9,0
1,,156.0,0.02,46,2,72,0,0.016666666666666666,0.38333333333333336,0.6,0.0,0.47761694782899633,8.296561077596836e-05,480.0,0.0,0.6095238095238094,2,9,0
1,,157.0,0.02,49,2,69,0,0.016666666666666666,0.4083333333333333,0.575,0.0,0.47761694782899633,8.296561077596836e-05,480.0,0.0,0.6095238095238094,2,9,0
1,,158.0,0.02,49,2,69,0,0.016666666666666666,0.4083333333333333,0.575,0.0,0.47761694782899633,8.296561077596836e-05,480.0,0.0,0.6095238095238094,2,9,0
1,,159.0,0.02,50,1,69,0,0.008333333333333333,0.4166666666666667,0.575,0.0,0.4685084017992521,0.0,480.0,0.0,0.6095238095238094,2,9,0
1,,160.0,0.02,50,1,69,0,0.008333333333333333,0.4166666666666667,0.575,0.0,0.4685084017992521,0.0,480.0,0.0,0.6095238095238094,2,9,0
1,,161.0,0.02,50,1,69,0,0.008333333333333333,0.4166666666666667,0.575,0.0,0.4685084017992521,0.0,480.0,0.0,0.6095238095238094,2,9,0
1,,162.0,0.02,51,1,68,0,0.008333333333333333,0.425,0.5666666666666667,0.0,0.4685084017992521,0.0,480.0,0.0,0.6095238095238094,2,9,0
1,,163.0,0.02,52,1,67,0,0.008333333333333333,0.43333333333333335,0.5583333333333333,0.0,0.4685084017992521,0.0,480.0,0.0,0.6095238095238094,2,9,0
1,,164.0,0.02,54,1,65,0,0.008333333333333333,0.45,0.5416666666666666,0.0,0.4685084017992521,0.0,480.0,0.0,0.6095238095238094,2,9,0
1,,165.0,0.02,54,1,65,0,0.008333333333333333,0.45,0.5416666666666666,0.0,0.4685084017992521,0.0,480.0,0.0,0.6095238095238094,2,9,0
1,,166.0,0.02,55,1,64,0,0.008333333333333333,0.4583333333333333,0.5333333333333333,0.0,0.4685084017992521,0.0,480.0,0.0,0.6095238095238094,2,9,0
1,,167.0,0.02,55,0,65,0,0.0,0.4583333333333333,0.5416666666666666,0.0,nan,nan,480.0,0.0,0.6095238095238094,2,9,1
1,,168.0,0.02,55,0,65,0,0.0,0.4583333333333333,0.5416666666666666,0.0,nan,nan,480.0,0.0,0.6095238095238094,2,9,1
1,,169.0,0.02,56,0,64,0,0.0,0.4666666666666667,0.5333333333333333,0.0,nan,nan,480.0,0.0,0.6095238095238094,2,9,1
1,,170.0,0.02,56,0,64,0,0.0,0.4666666666666667,0.5333333333333333,0.0,nan,nan,480.0,0.0,0.6095238095238094,2,9,1
1,,171.0,0.02,56,0,64,0,0.0,0.4666666666666667,0.5333333333333333,0.0,nan,nan,480.0,0.0,0.6095238095238094,2,9,1
1,,172.0,0.02,56,0,64,0,0.0,0.4666666666666667,0.5333333333333333,0.0,nan,nan,480.0,0.0,0.6095238095238094,2,9,1
1,,173.0,0.02,56,0,64,0,0.0,0.4666666666666667,0.5333333333333333,0.0,nan,nan,480.0,0.0,0.6095238095238094,2,9,1
1,,174.0,0.02,57,0,63,0,0.0,0.475,0.525,0.0,nan,nan,480.0,0.0,0.6095238095238094,2,9,1
1,,175.0,0.02,58,0,62,0,0.0,0.48333333333333334,0.5166666666666667,0.0,nan,nan,480.0,0.0,0.6095238095238094,2,9,1
1,,176.0,0.02,58,0,62,0,0.0,0.48333333333333334,0.5166666666666667,0.0,nan,nan,480.0,0.0,0.6095238095238094,2,9,1
1,,177.0,0.02,58,0,62,0,0.0,0.48333333333333334,0.5166666666666667,0.0,nan,nan,480.0,0.0,0.6095238095238094,2,9,1
1,,178.0,0.02,60,0,60,0,0.0,0.5,0.5,0.0,nan,nan,480.0,0.0,0.6095238095238094,2,9,1
1,,179.0,0.02,60,0,60,0,0.0,0.5,0.5,0.0,nan,nan,480.0,0.0,0.6095238095238094,2,9,1
1,,180.0,0.02,60,0,60,0,0.0,0.5,0.5,0.0,nan,nan,480.0,0.0,0.6095238095238094,2,9,1
1,,181.0,0.02,60,0,60,0,0.0,0.5,0.5,0.0,nan,nan,480.0,0.0,0.6095238095238094,2,9,1
1,,182.0,0.02,61,0,59,0,0.0,0.5083333333333333,0.49166666666666664,0.0,nan,nan,480.0,0.0,0.6095238095238094,2,9,1
1,,183.0,0.02,61,0,59,0,0.0,0.5083333333333333,0.49166666666666664,0.0,nan,nan,480.0,0.0,0.6095238095238094,2,9,1
1,,184.0,0.02,62,0,58,0,0.0,0.5166666666666667,0.48333333333333334,0.0,nan,nan,480.0,0.0,0.6095238095238094,2,9,1
1,,185.0,0.02,62,0,58,0,0.0,0.5166666666666667,0.48333333333333334,0.0,nan,nan,480.0,0.0,0.6095238095238094,2,9,1
1,,186.0,0.02,62,0,58,0,0.0,0.5166666666666667,0.48333333333333334,0.0,nan,nan,480.0,0.0,0.6095238095238094,2,9,1
1,,187.0,0.02,62,0,58,0,0.0,0.5166666666666667,0.48333333333333334,0.0,nan,nan,480.0,0.0,0.6095238095238094,2,9,1
1,,188.0,0.02,62,0,58,0,0.0,0.5166666666666667,0.48333333333333334,0.0,nan,nan,480.0,0.0,0.6095238095238094,2,9,1
1,,189.0,0.02,63,0,57,0,0.0,0.525,0.475,0.0,nan,nan,480.0,0.0,0.6095238095238094,2,9,1
1,,190.0,0.02,64,0,56,0,0.0,0.5333333333333333,0.4666666666666667,0.0,nan,nan,480.0,0.0,0.6095238095238094,2,9,1
1,,191.0,0.02,64,0,56,0,0.0,0.5333333333333333,0.4666666666666667,0.0,nan,nan,480.0,0.0,0.6095238095238094,2,9,1
1,,192.0,0.02,64,0,56,0,0.0,0.5333333333333333,0.4666666666666667,0.0,nan,nan,480.0,0.0,0.6095238095238094,2,9,1
1,,193.0,0.02,65,0,55,0,0.0,0.5416666666666666,0.4583333333333333,0.0,nan,nan,480.0,0.0,0.6095238095238094,2,9,1
1,,194.0,0.02,65,0,55,0,0.0,0.5416666666666666,0.4583333333333333,0.0,nan,nan,480.0,0.0,0.6095238095238094,2,9,1
1,,195.0,0.02,67,0,53,0,0.0,0.5583333333333333,0.44166666666666665,0.0,nan,nan,480.0,0.0,0.6095238095238094,2,9,1
1,,196.0,0.02,69,0,51,0,0.0,0.575,0.425,0.0,nan,nan,480.0,0.0,0.6095238095238094,2,9,1
1,,197.0,0.02,69,0,51,0,0.0,0.575,0.425,0.0,nan,nan,480.0,0.0,0.6095238095238094,2,9,1
1,,198.0,0.02,70,0,50,0,0.0,0.5833333333333334,0.4166666666666667,0.0,nan,nan,480.0,0.0,0.6095238095238094,2,9,1
1,,199.0,0.02,70,0,50,0,0.0,0.5833333333333334,0.4166666666666667,0.0,nan,nan,480.0,0.0,0.6095238095238094,2,9,1
1,,200.0,0.02,71,0,49,0,0.0,0.5916666666666667,0.4083333333333333,0.0,nan,nan,480.0,0.0,0.6095238095238094,2,9,1
2,,100.0,0.02,62,0,58,0,0.0,0.5166666666666667,0.48333333333333334,0.0,nan,nan,480.0,0.0,0.6298280423280428,7,6,1
2,,101.0,0.02,63,0,57,0,0.0,0.525,0.475,0.0,nan,nan,480.0,0.0,0.6298280423280428,7,6,1
2,,102.0,0.02,63,0,57,0,0.0,0.525,0.475,0.0,nan,nan,480.0,0.0,0.6298280423280428,7,6,1
2,,103.0,0.02,63,0,57,0,0.0,0.525,0.475,0.0,nan,nan,480.0,0.0,0.6298280423280428,7,6,1
2,,104.0,0.02,63,0,57,0,0.0,0.525,0.475,0.0,nan,nan,480.0,0.0,0.6298280423280428,7,6,1
2,,105.0,0.02,63,0,57,0,0.0,0.525,0.475,0.0,nan,nan,480.0,0.0,0.6298280423280428,7,6,1
2,,106.0,0.02,63,0,57,0,0.0,0.525,0.475,0.0,nan,nan,480.0,0.0,0.6298280423280428,7,6,1
2,,107.0,0.02,63,0,57,0,0.0,0.525,0.475,0.0,nan,nan,480.0,0.0,0.6298280423280428,7,6,1
2,,108.0,0.02,64,0,56,0,0.0,0.5333333333333333,0.4666666666666667,0.0,nan,nan,480.0,0.0,0.6298280423280428,7,6,1
2,,109.0,0.02,66,0,54,0,0.0,0.55,0.45,0.0,nan,nan,480.0,0.0,0.6298280423280428,7,6,1
2,,110.0,0.02,66,0,54,0,0.0,0.55,0.45,0.0,nan,nan,480.0,0.0,0.6298280423280428,7,6,1
2,,111.0,0.02,66,0,54,0,0.0,0.55,0.45,0.0,nan,nan,480.0,0.0,0.6298280423280428,7,6,1
2,,112.0,0.02,66,0,54,0,0.0,0.55,0.45,0.0,nan,nan,480.0,0.0,0.6298280423280428,7,6,1
2,,113.0,0.02,66,0,54,0,0.0,0.55,0.45,0.0,nan,nan,480.0,0.0,0.6298280423280428,7,6,1
2,,114.0,0.02,66,0,54,0,0.0,0.55,0.45,0.0,nan,nan,480.0,0.0,0.6298280423280428,7,6,1
2,,115.0,0.02,67,0,53,0,0.0,0.5583333333333333,0.44166666666666665,0.0,nan,nan,480.0,0.0,0.6298280423280428,7,6,1
2,,116.0,0.02,68,0,52,0,0.0,0.5666666666666667,0.43333333333333335,0.0,nan,nan,480.0,0.0,0.6298280423280428,7,6,1
2,,117.0,0.02,68,0,52,0,0.0,0.5666666666666667,0.43333333333333335,0.0,nan,nan,480.0,0.0,0.6298280423280428,7,6,1
2,,118.0,0.02,69,0,51,0,0.0,0.575,0.425,0.0,nan,nan,480.0,0.0,0.6298280423280428,7,6,1
2,,119.0,0.02,70,0,50,0,0.0,0.5833333333333334,0.4166666666666667,0.0,nan,nan,480.0,0.0,0.6298280423280428,7,6,1
2,,120.0,0.02,71,0,49,0,0.0,0.5916666666666667,0.4083333333333333,0.0,nan,nan,480.0,0.0,0.6298280423280428,7,6,1
2,,121.0,0.02,71,0,49,0,0.0,0.5916666666666667,0.4083333333333333,0.0,nan,nan,480.0,0.0,0.6298280423280428,7,6,1
2,,122.0,0.02,72,0,48,0,0.0,0.6,0.4,0.0,nan,nan,480.0,0.0,0.6298280423280428,7,6,1
2,,123.0,0.02,72,0,48,0,0.0,0.6,0.4,0.0,nan,nan,480.0,0.0,0.6298280423280428,7,6,1
2,,124.0,0.02,72,0,48,0,0.0,0.6,0.4,0.0,nan,nan,480.0,0.0,0.6298280423280428,7,6,1
2,,125.0,0.02,72,0,48,0,0.0,0.6,0.4,0.0,nan,nan,480.0,0.0,0.6298280423280428,7,6,1
2,,126.0,0.02,72,0,48,0,0.0,0.6,0.4,0.0,nan,nan,480.0,0.0,0.6298280423280428,7,6,1
2,,127.0,0.02,72,0,48,0,0.0,0.6,0.4,0.0,nan,nan,480.0,0.0,0.6298280423280428,7,6,1
2,,128.0,0.02,72,0,48,0,0.0,0.6,0.4,0.0,nan,nan,480.0,0.0,0.6298280423280428,7,6,1
2,,129.0,0.02,72,0,48,0,0.0,0.6,0.4,0.0,nan,nan,480.0,0.0,0.6298280423280428,7,6,1
2,,130.0,0.02,73,0,47,0,0.0,0.6083333333333333,0.39166666666666666,0.0,nan,nan,480.0,0.0,0.6298280423280428,7,6,1
2,,131.0,0.02,73,0,47,0,0.0,0.6083333333333333,0.39166666666666666,0.0,nan,nan,480.0,0.0,0.6298280423280428,7,6,1
2,,132.0,0.02,73,0,47,0,0.0,0.6083333333333333,0.39166666666666666,0.0,nan,nan,480.0,0.0,0.6298280423280428,7,6,1
2,,133.0,0.02,73,0,47,0,0.0,0.6083333333333333,0.39166666666666666,0.0,nan,nan,480.0,0.0,0.6298280423280428,7,6,1
2,,134.0,0.02,74,0,46,0,0.0,0.6166666666666667,0.38333333333333336,0.0,nan,nan,480.0,0.0,0.6298280423280428,7,6,1
2,,135.0,0.02,74,0,46,0,0.0,0.6166666666666667,0.38333333333333336,0.0,nan,nan,480.0,0.0,0.6298280423280428,7,6,1
2,,136.0,0.02,74,0,46,0,0.0,0.6166666666666667,0.38333333333333336,0.0,nan,nan,480.0,0.0,0.6298280423280428,7,6,1
2,,137.0,0.02,75,0,45,0,0.0,0.625,0.375,0.0,nan,nan,480.0,0.0,0.6298280423280428,7,6,1
2,,138.0,0.02,75,0,45,0,0.0,0.625,0.375,0.0,nan,nan,480.0,0.0,0.6298280423280428,7,6,1
2,,139.0,0.02,75,0,45,0,0.0,0.625,0.375,0.0,nan,nan,480.0,0.0,0.6298280423280428,7,6,1
2,,140.0,0.02,77,0,43,0,0.0,0.6416666666666667,0.35833333333333334,0.0,nan,nan,480.0,0.0,0.6298280423280428,7,6,1
2,,141.0,0.02,77,0,43,0,0.0,0.6416666666666667,0.35833333333333334,0.0,nan,nan,480.0,0.0,0.6298280423280428,7,6,1
2,,142.0,0.02,77,0,43,0,0.0,0.6416666666666667,0.35833333333333334,0.0,nan,nan,480.0,0.0,0.6298280423280428,7,6,1
2,,143.0,0.02,77,0,43,0,0.0,0.6416666666666667,0.35833333333333334,0.0,nan,nan,480.0,0.0,0.6298280423280428,7,6,1
2,,144.0,0.02,77,0,43,0,0.0,0.6416666666666667,0.35833333333333334,0.0,nan,nan,480.0,0.0,0.6298280423280428,7,6,1
2,,145.0,0.02,77,0,43,0,0.0,0.6416666666666667,0.35833333333333334,0.0,nan,nan,480.0,0.0,0.6298280423280428,7,6,1
2,,146.0,0.02,77,0,43,0,0.0,0.6416666666666667,0.35833333333333334,0.0,nan,nan,480.0,0.0,0.6298280423280428,7,6,1
2,,147.0,0.02,77,0,43,0,0.0,0.6416666666666667,0.35833333333333334,0.0,nan,nan,480.0,0.0,0.6298280423280428,7,6,1
2,,148.0,0.02,77,0,43,0,0.0,0.6416666666666667,0.35833333333333334,0.0,nan,nan,480.0,0.0,0.6298280423280428,7,6,1
2,,149.0,0.02,77,0,43,0,0.0,0.6416666666666667,0.35833333333333334,0.0,nan,nan,480.0,0.0,0.6298280423280428,7,6,1
2,,150.0,0.02,77,0,43,0,0.0,0.6416666666666667,0.35833333333333334,0.0,nan,nan,480.0,0.0,0.6298280423280428,7,6,1
2,,151.0,0.02,77,0,43,0,0.0,0.6416666666666667,0.35833333333333334,0.0,nan,nan,480.0,0.0,0.6298280423280428,7,6,1
2,,152.0,0.02,78,0,42,0,0.0,0.65,0.35,0.0,nan,nan,480.0,0.0,0.6298280423280428,7,6,1
2,,153.0,0.02,79,0,41,0,0.0,0.6583333333333333,0.3416666666666667,0.0,nan,nan,480.0,0.0,0.6298280423280428,7,6,1
2,,154.0,0.02,79,0,41,0,0.0,0.6583333333333333,0.3416666666666667,0.0,nan,nan,480.0,0.0,0.6298280423280428,7,6,1
2,,155.0,0.02,79,0,41,0,0.0,0.6583333333333333,0.3416666666666667,0.0,nan,nan,480.0,0.0,0.6298280423280428,7,6,1
2,,156.0,0.02,79,0,41,0,0.0,0.6583333333333333,0.3416666666666667,0.0,nan,nan,480.0,0.0,0.6298280423280428,7,6,1
2,,157.0,0.02,79,0,41,0,0.0,0.6583333333333333,0.3416666666666667,0.0,nan,nan,480.0,0.0,0.6298280423280428,7,6,1
2,,158.0,0.02,80,0,40,0,0.0,0.6666666666666666,0.3333333333333333,0.0,nan,nan,480.0,0.0,0.6298280423280428,7,6,1
2,,159.0,0.02,80,0,40,0,0.0,0.6666666666666666,0.3333333333333333,0.0,nan,nan,480.0,0.0,0.6298280423280428,7,6,1
2,,160.0,0.02,81,0,39,0,0.0,0.675,0.325,0.0,nan,nan,480.0,0.0,0.6298280423280428,7,6,1
2,,161.0,0.02,81,0,39,0,0.0,0.675,0.325,0.0,nan,nan,480.0,0.0,0.6298280423280428,7,6,1
2,,162.0,0.02,82,0,38,0,0.0,0.6833333333333333,0.31666666666666665,0.0,nan,nan,480.0,0.0,0.6298280423280428,7,6,1
2,,163.0,0.02,82,0,38,0,0.0,0.6833333333333333,0.31666666666666665,0.0,nan,nan,480.0,0.0,0.6298280423280428,7,6,1
2,,164.0,0.02,82,0,38,0,0.0,0.6833333333333333,0.31666666666666665,0.0,nan,nan,480.0,0.0,0.6298280423280428,7,6,1
2,,165.0,0.02,82,0,38,0,0.0,0.6833333333333333,0.31666666666666665,0.0,nan,nan,480.0,0.0,0.6298280423280428,7,6,1
2,,166.0,0.02,82,0,38,0,0.0,0.6833333333333333,0.31666666666666665,0.0,nan,nan,480.0,0.0,0.6298280423280428,7,6,1
2,,167.0,0.02,83,0,37,0,0.0,0.6916666666666667,0.30833333333333335,0.0,nan,nan,480.0,0.0,0.6298280423280428,7,6,1
2,,168.0,0.02,83,0,37,0,0.0,0.6916666666666667,0.30833333333333335,0.0,nan,nan,480.0,0.0,0.6298280423280428,7,6,1
2,,169.0,0.02,84,0,36,0,0.0,0.7,0.3,0.0,nan,nan,480.0,0.0,0.6298280423280428,7,6,1
2,,170.0,0.02,84,0,36,0,0.0,0.7,0.3,0.0,nan,nan,480.0,0.0,0.6298280423280428,7,6,1
2,,171.0,0.02,84,0,36,0,0.0,0.7,0.3,0.0,nan,nan,480.0,0.0,0.6298280423280428,7,6,1
2,,172.0,0.02,86,0,34,0,0.0,0.7166666666666667,0.2833333333333333,0.0,nan,nan,480.0,0.0,0.6298280423280428,7,6,1
2,,173.0,0.02,86,0,34,0,0.0,0.7166666666666667,0.2833333333333333,0.0,nan,nan,480.0,0.0,0.6298280423280428,7,6,1
2,,174.0,0.02,86,0,34,0,0.0,0.7166666666666667,0.2833333333333333,0.0,nan,nan,480.0,0.0,0.6298280423280428,7,6,1
2,,175.0,0.02,86,0,34,0,0.0,0.7166666666666667,0.2833333333333333,0.0,nan,nan,480.0,0.0,0.6298280423280428,7,6,1
2,,176.0,0.02,87,0,33,0,0.0,0.725,0.275,0.0,nan,nan,480.0,0.0,0.6298280423280428,7,6,1
2,,177.0,0.02,87,0,33,0,0.0,0.725,0.275,0.0,nan,nan,480.0,0.0,0.6298280423280428,7,6,1
2,,178.0,0.02,87,0,33,0,0.0,0.725,0.275,0.0,nan,nan,480.0,0.0,0.6298280423280428,7,6,1
2,,179.0,0.02,87,0,33,0,0.0,0.725,0.275,0.0,nan,nan,480.0,0.0,0.6298280423280428,7,6,1
2,,180.0,0.02,87,0,33,0,0.0,0.725,0.275,0.0,nan,nan,480.0,0.0,0.6298280423280428,7,6,1
2,,181.0,0.02,88,0,32,0,0.0,0.7333333333333333,0.26666666666666666,0.0,nan,nan,480.0,0.0,0.6298280423280428,7,6,1
2,,182.0,0.02,89,0,31,0,0.0,0.7416666666666667,0.25833333333333336,0.0,nan,nan,480.0,0.0,0.6298280423280428,7,6,1
2,,183.0,0.02,89,0,31,0,0.0,0.7416666666666667,0.25833333333333336,0.0,nan,nan,480.0,0.0,0.6298280423280428,7,6,1
2,,184.0,0.02,89,0,31,0,0.0,0.7416666666666667,0.25833333333333336,0.0,nan,nan,480.0,0.0,0.6298280423280428,7,6,1
2,,185.0,0.02,89,0,31,0,0.0,0.7416666666666667,0.25833333333333336,0.0,nan,nan,480.0,0.0,0.6298280423280428,7,6,1
2,,186.0,0.02,89,0,31,0,0.0,0.7416666666666667,0.25833333333333336,0.0,nan,nan,480.0,0.0,0.6298280423280428,7,6,1
2,,187.0,0.02,89,0,31,0,0.0,0.7416666666666667,0.25833333333333336,0.0,nan,nan,480.0,0.0,0.6298280423280428,7,6,1
2,,188.0,0.02,90,0,30,0,0.0,0.75,0.25,0.0,nan,nan,480.0,0.0,0.6298280423280428,7,6,1
2,,189.0,0.02,90,0,30,0,0.0,0.75,0.25,0.0,nan,nan,480.0,0.0,0.6298280423280428,7,6,1
2,,190.0,0.02,90,0,30,0,0.0,0.75,0.25,0.0,nan,nan,480.0,0.0,0.6298280423280428,7,6,1
2,,191.0,0.02,90,0,30,0,0.0,0.75,0.25,0.0,nan,nan,480.0,0.0,0.6298280423280428,7,6,1
2,,192.0,0.02,90,0,30,0,0.0,0.75,0.25,0.0,nan,nan,480.0,0.0,0.6298280423280428,7,6,1
2,,193.0,0.02,91,0,29,0,0.0,0.7583333333333333,0.24166666666666667,0.0,nan,nan,480.0,0.0,0.6298280423280428,7,6,1
2,,194.0,0.02,91,0,29,0,0.0,0.7583333333333333,0.24166666666666667,0.0,nan,nan,480.0,0.0,0.6298280423280428,7,6,1
2,,195.0,0.02,91,0,29,0,0.0,0.7583333333333333,0.24166666666666667,0.0,nan,nan,480.0,0.0,0.6298280423280428,7,6,1
2,,196.0,0.02,91,0,29,0,0.0,0.7583333333333333,0.24166666666666667,0.0,nan,nan,480.0,0.0,0.6298280423280428,7,6,1
2,,197.0,0.02,91,0,29,0,0.0,0.7583333333333333,0.24166666666666667,0.0,nan,nan,480.0,0.0,0.6298280423280428,7,6,1
2,,198.0,0.02,91,0,29,0,0.0,0.7583333333333333,0.24166666666666667,0.0,nan,nan,480.0,0.0,0.6298280423280428,7,6,1
2,,199.0,0.02,92,0,28,0,0.0,0.7666666666666667,0.23333333333333334,0.0,nan,nan,480.0,0.0,0.6298280423280428,7,6,1
2,,200.0,0.02,92,0,28,0,0.0,0.7666666666666667,0.23333333333333334,0.0,nan,nan,480.0,0.0,0.6298280423280428,7,6,1
3,,100.0,0.02,43,6,71,0,0.05,0.35833333333333334,0.5916666666666667,0.0,0.42331648884134204,0.0002558836251821439,474.0,0.0,0.6162962962962972,5,9,0
3,,101.0,0.02,44,6,70,0,0.05,0.36666666666666664,0.5833333333333334,0.0,0.42331648884134204,0.0002558836251821439,473.0,0.0,0.6158465608465618,5,9,0
3,,102.0,0.02,43,7,70,0,0.058333333333333334,0.35833333333333334,0.5833333333333334,0.0,0.4232288812861865,0.00021937487208701671,472.0,0.0,0.613148148148149,5,10,0
3,,103.0,0.02,43,6,71,0,0.05,0.35833333333333334,0.5916666666666667,0.0,0.42331648884134204,0.0002558836251821439,472.0,0.0,0.613148148148149,5,10,0
3,,104.0,0.02,47,6,67,0,0.05,0.39166666666666666,0.5583333333333333,0.0,0.42331648884134204,0.0002558836251821439,471.0,0.0,0.6133465608465617,5,10,0
3,,105.0,0.02,46,6,68,0,0.05,0.38333333333333336,0.5666666666666667,0.0,0.4227241827839385,0.00024710328487126664,473.0,0.0,0.6142394179894188,5,10,0
3,,106.0,0.02,47,5,68,0,0.041666666666666664,0.39166666666666666,0.5666666666666667,0.0,0.41976770970238747,0.00024407954335390697,474.0,0.0,0.6163227513227523,5,10,0
3,,107.0,0.02,48,6,66,0,0.05,0.4,0.55,0.0,0.4208755757117943,0.00020953645493558437,474.0,0.0,0.6163227513227523,5,10,0
3,,108.0,0.02,47,8,65,0,0.06666666666666667,0.39166666666666666,0.5416666666666666,0.0,0.41264045886364686,0.00036149530585394355,474.0,0.0,0.6163227513227523,5,10,0
3,,109.0,0.02,48,8,64,0,0.06666666666666667,0.4,0.5333333333333333,0.0,0.41264045886364686,0.00036149530585394355,474.0,0.0,0.6163227513227523,5,10,0
3,,110.0,0.02,49,8,63,0,0.06666666666666667,0.4083333333333333,0.525,0.0,0.41264045886364686,0.00036149530585394355,474.0,0.0,0.6163227513227523,5,10,0
3,,111.0,0.02,48,10,62,0,0.08333333333333333,0.4,0.5166666666666667,0.0,0.40868288626063104,0.000363354998286867,474.0,0.0,0.6163227513227523,5,10,0
3,,112.0,0.02,49,10,61,0,0.08333333333333333,0.4083333333333333,0.5083333333333333,0.0,0.40868288626063104,0.000363354998286867,472.0,0.0,0.612056878306879,5,10,0
3,,113.0,0.02,49,11,60,0,0.09166666666666666,0.4083333333333333,0.5,0.0,0.40974141193397673,0.00034152749172665196,472.0,0.0,0.612056878306879,5,10,0
3,,114.0,0.02,47,11,62,0,0.09166666666666666,0.39166666666666666,0.5166666666666667,0.0,0.4158337057521868,0.0003147138283569753,474.0,0.0,0.6139417989417998,5,10,0
3,,115.0,0.02,47,10,63,0,0.08333333333333333,0.39166666666666666,0.525,0.0,0.414046961992567,0.0003110682253047288,475.0,0.0,0.6136441798941806,5,10,0
3,,116.0,0.02,48,9,63,0,0.075,0.4,0.525,0.0,0.41555901180133586,0.00032276841520772017,473.0,0.0,0.6119576719576727,5,10,0
3,,117.0,0.02,48,9,63,0,0.075,0.4,0.525,0.0,0.41555901180133586,0.00032276841520772017,473.0,0.0,0.6119576719576727,5,10,0
3,,118.0,0.02,47,10,63,0,0.08333333333333333,0.39166666666666666,0.525,0.0,0.4168898147092494,0.0003064309011043487,472.0,0.0,0.6100727513227522,5,10,0
3,,119.0,0.02,47,10,63,0,0.08333333333333333,0.39166666666666666,0.525,0.0,0.4168898147092494,0.0003064309011043487,471.0,0.0,0.6130092592592601,5,10,0
3,,120.0,0.02,50,9,61,0,0.075,0.4166666666666667,0.5083333333333333,0.0,0.41868414908285545,0.000291947572611494,474.0,0.0,0.6201322751322761,5,10,0
3,,121.0,0.02,51,10,59,0,0.08333333333333333,0.425,0.49166666666666664,0.0,0.41810499422457265,0.00026577159849919713,472.0,0.0,0.6200529100529111,5,10,0
3,,122.0,0.02,50,11,59,0,0.09166666666666666,0.4166666666666667,0.49166666666666664,0.0,0.41039146762734907,0.000836595469750934,470.0,0.0,0.6172354497354509,5,10,0
3,,123.0,0.02,51,9,60,0,0.075,0.425,0.5,0.0,0.4100575691591757,0.0009136463980511081,470.0,0.0,0.6172354497354509,5,10,0
3,,124.0,0.02,51,9,60,0,0.075,0.425,0.5,0.0,0.4100575691591757,0.0009136463980511081,470.0,0.0,0.6172354497354509,5,10,0
3,,125.0,0.02,52,8,60,0,0.06666666666666667,0.43333333333333335,0.5,0.0,0.4097031902415691,0.001026721938052301,469.0,0.0,0.6162433862433871,5,10,0
3,,126.0,0.02,54,7,59,0,0.058333333333333334,0.45,0.49166666666666664,0.0,0.4077248126950756,0.0011420846788994415,469.0,0.0,0.6141798941798949,5,10,0
3,,127.0,0.02,53,7,60,0,0.058333333333333334,0.44166666666666665,0.5,0.0,0.39629078989296623,0.0016383261264607068,468.0,0.0,0.614477513227514,5,11,0
3,,128.0,0.02,53,7,60,0,0.058333333333333334,0.44166666666666665,0.5,0.0,0.39629078989296623,0.0016383261264607068,468.0,0.0,0.614477513227514,5,11,0
3,,129.0,0.02,54,6,60,0,0.05,0.45,0.5,0.0,0.38990697978655814,0.0016261092605480768,470.0,0.0,0.6117394179894187,5,11,0
3,,130.0,0.02,53,6,61,0,0.05,0.44166666666666665,0.5083333333333333,0.0,0.3694004046840851,0.002139512032977127,471.0,0.0,0.6114417989417995,5,11,0
3,,131.0,0.02,51,7,62,0,0.058333333333333334,0.425,0.5166666666666667,0.0,0.35767015297539534,0.0012344936328831555,471.0,0.0,0.6125330687830692,5,11,0
3,,132.0,0.02,52,7,61,0,0.058333333333333334,0.43333333333333335,0.5083333333333333,0.0,0.35767015297539534,0.0012344936328831555,471.0,0.0,0.6125330687830692,5,11,0
3,,133.0,0.02,51,7,62,0,0.058333333333333334,0.425,0.5166666666666667,0.0,0.35247237084466915,0.001101604990331374,474.0,0.0,0.6175925925925931,5,12,0
3,,134.0,0.02,49,9,62,0,0.075,0.4083333333333333,0.5166666666666667,0.0,0.33900897073532077,0.001489816290155082,475.0,0.0,0.6172949735449742,5,13,0
3,,135.0,0.02,49,9,62,0,0.075,0.4083333333333333,0.5166666666666667,0.0,0.33900897073532077,0.001489816290155082,474.0,0.0,0.6175925925925931,5,13,0
3,,136.0,0.02,46,11,63,0,0.09166666666666666,0.38333333333333336,0.525,0.0,0.3331559588378116,0.0008000342001361272,477.0,0.0,0.6189484126984133,5,13,0
3,,137.0,0.02,45,13,62,0,0.10833333333333334,0.375,0.5166666666666667,0.0,0.34172893948744143,0.0010829818350550694,477.0,0.0,0.6189484126984133,5,14,0
3,,138.0,0.02,46,13,61,0,0.10833333333333334,0.38333333333333336,0.5083333333333333,0.0,0.33805266883924595,0.0011868315739630433,476.0,0.0,0.6164682539682543,5,14,0
3,,139.0,0.02,44,14,62,0,0.11666666666666667,0.36666666666666664,0.5166666666666667,0.0,0.3367615607071568,0.0011237283728222486,476.0,0.0,0.6164682539682543,5,14,0
3,,140.0,0.02,43,14,63,0,0.11666666666666667,0.35833333333333334,0.525,0.0,0.33449241232725185,0.0010487834043134555,476.0,0.0,0.6164682539682543,5,14,0
3,,141.0,0.02,43,11,66,0,0.09166666666666666,0.35833333333333334,0.55,0.0,0.334565620203684,0.0011896521991482433,477.0,0.0,0.6202380952380957,5,14,0
3,,142.0,0.02,42,8,70,0,0.06666666666666667,0.35,0.5833333333333334,0.0,0.3237824011988507,0.0007303318907096476,477.0,0.0,0.6221626984126991,5,14,0
3,,143.0,0.02,40,9,71,0,0.075,0.3333333333333333,0.5916666666666667,0.0,0.32582888803896,0.0007219687486363531,476.0,0.0,0.6199801587301593,5,14,0
3,,144.0,0.02,43,9,68,0,0.075,0.35833333333333334,0.5666666666666667,0.0,0.32582888803896,0.0007219687486363531,473.0,0.0,0.6186772486772492,5,14,0
3,,145.0,0.02,43,10,67,0,0.08333333333333333,0.35833333333333334,0.5583333333333333,0.0,0.32689903664114794,0.0006600788360496006,473.0,0.0,0.6186772486772492,5,14,0
3,,146.0,0.02,42,11,67,0,0.09166666666666666,0.35,0.5583333333333333,0.0,0.3260916909705863,0.0006065897394537469,473.0,0.0,0.6186772486772492,5,14,0
3,,147.0,0.02,41,11,68,0,0.09166666666666666,0.3416666666666667,0.5666666666666667,0.0,0.3308303894174925,0.0006140344166736864,472.0,0.0,0.6187433862433865,5,14,0
3,,148.0,0.02,40,10,70,0,0.08333333333333333,0.3333333333333333,0.5833333333333334,0.0,0.3313871797497622,0.000619738589793109,472.0,0.0,0.6201917989417993,6,15,0
3,,149.0,0.02,39,11,70,0,0.09166666666666666,0.325,0.5833333333333334,0.0,0.3299805522029675,0.0005831847285477508,472.0,0.0,0.6201917989417993,6,15,0
3,,150.0,0.02,39,12,69,0,0.1,0.325,0.575,0.0,0.33180391923134217,0.0005711573416905731,469.0,0.0,0.6180158730158732,6,15,0
3,,151.0,0.02,39,14,67,0,0.11666666666666667,0.325,0.5583333333333333,0.0,0.3340867959168169,0.0005554567935460813,468.0,0.0,0.6172222222222222,6,15,0
3,,152.0,0.02,39,13,68,0,0.10833333333333334,0.325,0.5666666666666667,0.0,0.33372344063370435,0.0005963358603387509,466.0,0.0,0.6124404761904761,6,15,0
3,,153.0,0.02,39,14,67,0,0.11666666666666667,0.325,0.5583333333333333,0.0,0.3339369773562397,0.0005543332148574503,466.0,0.0,0.6124404761904761,6,16,0
3,,154.0,0.02,37,14,69,0,0.11666666666666667,0.30833333333333335,0.575,0.0,0.32888004715934877,0.0008327071102073579,467.0,0.0,0.6127976190476189,6,16,0
3,,155.0,0.02,37,13,70,0,0.10833333333333334,0.30833333333333335,0.5833333333333334,0.0,0.3263562682430284,0.0008075890630417481,467.0,0.0,0.6106150793650789,6,16,0
3,,156.0,0.02,36,11,73,0,0.09166666666666666,0.3,0.6083333333333333,0.0,0.32545846893178276,0.0010143155906707966,468.0,0.0,0.6127976190476189,6,16,0
3,,157.0,0.02,35,10,75,0,0.08333333333333333,0.2916666666666667,0.625,0.0,0.3206571770307257,0.0010493173503216403,471.0,0.0,0.6149007936507936,6,16,0
3,,158.0,0.02,35,7,78,0,0.058333333333333334,0.2916666666666667,0.65,0.0,0.3208245190284861,0.0009568554891268207,470.0,0.0,0.6138425925925924,6,16,0
3,,159.0,0.02,33,9,78,0,0.075,0.275,0.65,0.0,0.31442848023034914,0.0009730445551234916,470.0,0.0,0.6138425925925924,6,17,0
3,,160.0,0.02,32,8,80,0,0.06666666666666667,0.26666666666666666,0.6666666666666666,0.0,0.31193680492984704,0.0010387991122857386,470.0,0.0,0.6111838624338624,6,17,0
3,,161.0,0.02,32,7,81,0,0.058333333333333334,0.26666666666666666,0.675,0.0,0.31429104225243065,0.001142859518501051,472.0,0.0,0.614318783068783,6,17,0
3,,162.0,0.02,32,8,80,0,0.06666666666666667,0.26666666666666666,0.6666666666666666,0.0,0.31917499041044484,0.001166972725959613,472.0,0.0,0.614318783068783,6,17,0
3,,163.0,0.02,34,7,79,0,0.058333333333333334,0.2833333333333333,0.6583333333333333,0.0,0.3193402412883698,0.001333464652561175,472.0,0.0,0.617691798941799,6,17,0
3,,164.0,0.02,36,6,78,0,0.05,0.3,0.65,0.0,0.3206180215337204,0.0015442797048335147,472.0,0.0,0.617691798941799,6,17,0
3,,165.0,0.02,37,6,77,0,0.05,0.30833333333333335,0.6416666666666667,0.0,0.3206180215337204,0.0015442797048335147,472.0,0.0,0.617691798941799,6,17,0
3,,166.0,0.02,41,5,74,0,0.041666666666666664,0.3416666666666667,0.6166666666666667,0.0,0.3302594000289699,0.001295398570068253,472.0,0.0,0.617691798941799,7,17,0
3,,167.0,0.02,41,4,75,0,0.03333333333333333,0.3416666666666667,0.625,0.0,0.3217941967490011,0.0012609498797293405,474.0,0.0,0.6194444444444448,7,17,0
3,,168.0,0.02,41,5,74,0,0.041666666666666664,0.3416666666666667,0.6166666666666667,0.0,0.332207743703749,0.0014425277444984302,473.0,0.0,0.6179431216931219,7,17,0
3,,169.0,0.02,40,6,74,0,0.05,0.3333333333333333,0.6166666666666667,0.0,0.3342184983406186,0.001222322124797154,473.0,0.0,0.6179431216931219,7,17,0
3,,170.0,0.02,39,8,73,0,0.06666666666666667,0.325,0.6083333333333333,0.0,0.3220029453256793,0.0016048676837905147,472.0,0.0,0.619160052910053,7,17,0
3,,171.0,0.02,36,10,74,0,0.08333333333333333,0.3,0.6166666666666667,0.0,0.33653743109687817,0.0008233358866205599,471.0,0.0,0.6159589947089948,7,17,0
3,,172.0,0.02,36,9,75,0,0.075,0.3,0.625,0.0,0.33466796482802635,0.0008798686104968754,473.0,0.0,0.6166005291005291,7,17,0
3,,173.0,0.02,37,8,75,0,0.06666666666666667,0.30833333333333335,0.625,0.0,0.3334674264909089,0.0009768805561189853,472.0,0.0,0.6172619047619049,7,17,0
3,,174.0,0.02,37,9,74,0,0.075,0.30833333333333335,0.6166666666666667,0.0,0.33515033342357003,0.0008909956780577559,471.0,0.0,0.6171097883597886,7,17,0
3,,175.0,0.02,37,8,75,0,0.06666666666666667,0.30833333333333335,0.625,0.0,0.3437892593263943,0.0003306907710245798,472.0,0.0,0.6169113756613759,7,17,0
3,,176.0,0.02,34,12,74,0,0.1,0.2833333333333333,0.6166666666666667,0.0,0.34831174928075376,0.00041260102296684773,471.0,0.0,0.6151719576719579,7,17,0
3,,177.0,0.02,33,11,76,0,0.09166666666666666,0.275,0.6333333333333333,0.0,0.34842115567920984,0.00031190945736855993,471.0,0.0,0.6151719576719579,7,17,0
3,,178.0,0.02,32,13,75,0,0.10833333333333334,0.26666666666666666,0.625,0.0,0.34905010674072945,0.0003203736527487176,470.0,0.0,0.6145634920634921,7,17,0
3,,179.0,0.02,33,13,74,0,0.10833333333333334,0.275,0.6166666666666667,0.0,0.34745219668090005,0.0003461103748372682,471.0,0.0,0.6151719576719579,8,17,0
3,,180.0,0.02,31,13,76,0,0.10833333333333334,0.25833333333333336,0.6333333333333333,0.0,0.35223045976732487,0.0002934183522645509,473.0,0.0,0.6206283068783073,8,18,0
3,,181.0,0.02,33,13,74,0,0.10833333333333334,0.275,0.6166666666666667,0.0,0.35098757542871106,0.0004010956125070879,473.0,0.0,0.6225661375661381,8,18,0
3,,182.0,0.02,32,14,74,0,0.11666666666666667,0.26666666666666666,0.6166666666666667,0.0,0.35465484884409115,0.0005472815518404369,472.0,0.0,0.6220701058201065,8,18,0
3,,183.0,0.02,32,14,74,0,0.11666666666666667,0.26666666666666666,0.6166666666666667,0.0,0.3610310420626293,0.0010670765126244476,474.0,0.0,0.6207804232804237,8,18,0
3,,184.0,0.02,29,14,77,0,0.11666666666666667,0.24166666666666667,0.6416666666666667,0.0,0.36380123268849257,0.0013951831708982239,474.0,0.0,0.6207804232804237,8,20,0
3,,185.0,0.02,28,15,77,0,0.125,0.23333333333333334,0.6416666666666667,0.0,0.3596040587590002,0.0015487987254267628,473.0,0.0,0.6199867724867726,8,20,0
3,,186.0,0.02,27,15,78,0,0.125,0.225,0.65,0.0,0.36641576208262244,0.0017063787399186655,471.0,0.0,0.6139285714285716,8,20,0
3,,187.0,0.02,28,15,77,0,0.125,0.23333333333333334,0.6416666666666667,0.0,0.36641576208262244,0.0017063787399186655,470.0,0.0,0.6124206349206351,8,20,0
3,,188.0,0.02,30,13,77,0,0.10833333333333334,0.25,0.6416666666666667,0.0,0.36041737676304025,0.0014788542238836867,469.0,0.0,0.6131283068783071,8,20,0
3,,189.0,0.02,30,14,76,0,0.11666666666666667,0.25,0.6333333333333333,0.0,0.36466141476098385,0.0019889327995695526,473.0,0.0,0.6199074074074079,8,20,0
3,,190.0,0.02,29,15,76,0,0.125,0.24166666666666667,0.6333333333333333,0.0,0.36210410571409335,0.0025347229762195853,472.0,0.0,0.6201058201058205,8,21,0
3,,191.0,0.02,28,17,75,0,0.14166666666666666,0.23333333333333334,0.625,0.0,0.35967216396430135,0.002287333359372013,472.0,0.0,0.6201058201058205,8,21,0
3,,192.0,0.02,26,18,76,0,0.15,0.21666666666666667,0.6333333333333333,0.0,0.3691457480706566,0.0031825553682828323,468.0,0.0,0.6194378306878306,8,21,0
3,,193.0,0.02,26,18,76,0,0.15,0.21666666666666667,0.6333333333333333,0.0,0.3691457480706566,0.0031825553682828323,467.0,0.0,0.6205489417989418,8,21,0
3,,194.0,0.02,25,18,77,0,0.15,0.20833333333333334,0.6416666666666667,0.0,0.36525769032152705,0.00277799503167062,469.0,0.0,0.6171230158730159,8,21,0
3,,195.0,0.02,25,17,78,0,0.14166666666666666,0.20833333333333334,0.65,0.0,0.36537312315953824,0.0026632651592620525,471.0,0.0,0.6209126984126986,8,21,0
3,,196.0,0.02,26,18,76,0,0.15,0.21666666666666667,0.6333333333333333,0.0,0.371429165032745,0.002770493152819261,469.0,0.0,0.6170833333333334,8,21,0
3,,197.0,0.02,25,19,76,0,0.15833333333333333,0.20833333333333334,0.6333333333333333,0.0,0.3716634257546529,0.0026256655292684282,467.0,0.0,0.6127976190476192,8,21,0
3,,198.0,0.02,24,19,77,0,0.15833333333333333,0.2,0.6416666666666667,0.0,0.3748234388591413,0.0025409024981419073,468.0,0.0,0.6147817460317465,8,21,0
3,,199.0,0.02,23,19,78,0,0.15833333333333333,0.19166666666666668,0.65,0.0,0.38143162912405815,0.002034357388146588,466.0,0.0,0.6075793650793654,8,21,0
3,,200.0,0.02,23,18,79,0,0.15,0.19166666666666668,0.6583333333333333,0.0,0.3819949472440611,0.002141348024261471,467.0,0.0,0.6091269841269844,8,21,0
4,,100.0,0.02,52,0,68,0,0.0,0.43333333333333335,0.5666666666666667,0.0,nan,nan,480.0,0.0,0.6389219576719581,4,9,1
4,,101.0,0.02,52,0,68,0,0.0,0.43333333333333335,0.5666666666666667,0.0,nan,nan,480.0,0.0,0.6389219576719581,4,9,1
4,,102.0,0.02,52,0,68,0,0.0,0.43333333333333335,0.5666666666666667,0.0,nan,nan,480.0,0.0,0.6389219576719581,4,9,1
4,,103.0,0.02,52,0,68,0,0.0,0.43333333333333335,0.5666666666666667,0.0,nan,nan,480.0,0.0,0.6389219576719581,4,9,1
4,,104.0,0.02,53,0,67,0,0.0,0.44166666666666665,0.5583333333333333,0.0,nan,nan,480.0,0.0,0.6389219576719581,4,9,1
4,,105.0,0.02,53,0,67,0,0.0,0.44166666666666665,0.5583333333333333,0.0,nan,nan,480.0,0.0,0.6389219576719581,4,9,1
4,,106.0,0.02,53,0,67,0,0.0,0.44166666666666665,0.5583333333333333,0.0,nan,nan,480.0,0.0,0.6389219576719581,4,9,1
4,,107.0,0.02,54,0,66,0,0.0,0.45,0.55,0.0,nan,nan,480.0,0.0,0.6389219576719581,4,9,1
4,,108.0,0.02,55,0,65,0,0.0,0.4583333333333333,0.5416666666666666,0.0,nan,nan,480.0,0.0,0.6389219576719581,4,9,1
4,,109.0,0.02,55,0,65,0,0.0,0.4583333333333333,0.5416666666666666,0.0,nan,nan,480.0,0.0,0.6389219576719581,4,9,1
4,,110.0,0.02,55,0,65,0,0.0,0.4583333333333333,0.5416666666666666,0.0,nan,nan,480.0,0.0,0.6389219576719581,4,9,1
4,,111.0,0.02,56,0,64,0,0.0,0.4666666666666667,0.5333333333333333,0.0,nan,nan,480.0,0.0,0.6389219576719581,4,9,1
4,,112.0,0.02,57,0,63,0,0.0,0.475,0.525,0.0,nan,nan,480.0,0.0,0.6389219576719581,4,9,1
4,,113.0,0.02,58,0,62,0,0.0,0.48333333333333334,0.5166666666666667,0.0,nan,nan,480.0,0.0,0.6389219576719581,4,9,1
4,,114.0,0.02,60,0,60,0,0.0,0.5,0.5,0.0,nan,nan,480.0,0.0,0.6389219576719581,4,9,1
4,,115.0,0.02,60,0,60,0,0.0,0.5,0.5,0.0,nan,nan,480.0,0.0,0.6389219576719581,4,9,1
4,,116.0,0.02,62,0,58,0,0.0,0.5166666666666667,0.48333333333333334,0.0,nan,nan,480.0,0.0,0.6389219576719581,4,9,1
4,,117.0,0.02,64,0,56,0,0.0,0.5333333333333333,0.4666666666666667,0.0,nan,nan,480.0,0.0,0.6389219576719581,4,9,1
4,,118.0,0.02,65,0,55,0,0.0,0.5416666666666666,0.4583333333333333,0.0,nan,nan,480.0,0.0,0.6389219576719581,4,9,1
4,,119.0,0.02,66,0,54,0,0.0,0.55,0.45,0.0,nan,nan,480.0,0.0,0.6389219576719581,4,9,1
4,,120.0,0.02,66,0,54,0,0.0,0.55,0.45,0.0,nan,nan,480.0,0.0,0.6389219576719581,4,9,1
4,,121.0,0.02,67,0,53,0,0.0,0.5583333333333333,0.44166666666666665,0.0,nan,nan,480.0,0.0,0.6389219576719581,4,9,1
4,,122.0,0.02,67,0,53,0,0.0,0.5583333333333333,0.44166666666666665,0.0,nan,nan,480.0,0.0,0.6389219576719581,4,9,1
4,,123.0,0.02,69,0,51,0,0.0,0.575,0.425,0.0,nan,nan,480.0,0.0,0.6389219576719581,4,9,1
4,,124.0,0.02,69,0,51,0,0.0,0.575,0.425,0.0,nan,nan,480.0,0.0,0.6389219576719581,4,9,1
4,,125.0,0.02,69,0,51,0,0.0,0.575,0.425,0.0,nan,nan,480.0,0.0,0.6389219576719581,4,9,1
4,,126.0,0.02,70,0,50,0,0.0,0.5833333333333334,0.4166666666666667,0.0,nan,nan,480.0,0.0,0.6389219576719581,4,9,1
4,,127.0,0.02,70,0,50,0,0.0,0.5833333333333334,0.4166666666666667,0.0,nan,nan,480.0,0.0,0.6389219576719581,4,9,1
4,,128.0,0.02,70,0,50,0,0.0,0.5833333333333334,0.4166666666666667,0.0,nan,nan,480.0,0.0,0.6389219576719581,4,9,1
4,,129.0,0.02,71,0,49,0,0.0,0.5916666666666667,0.4083333333333333,0.0,nan,nan,480.0,0.0,0.6389219576719581,4,9,1
4,,130.0,0.02,73,0,47,0,0.0,0.6083333333333333,0.39166666666666666,0.0,nan,nan,480.0,0.0,0.6389219576719581,4,9,1
4,,131.0,0.02,73,0,47,0,0.0,0.6083333333333333,0.39166666666666666,0.0,nan,nan,480.0,0.0,0.6389219576719581,4,9,1
4,,132.0,0.02,73,0,47,0,0.0,0.6083333333333333,0.39166666666666666,0.0,nan,nan,480.0,0.0,0.6389219576719581,4,9,1
4,,133.0,0.02,73,0,47,0,0.0,0.6083333333333333,0.39166666666666666,0.0,nan,nan,480.0,0.0,0.6389219576719581,4,9,1
4,,134.0,0.02,74,0,46,0,0.0,0.6166666666666667,0.38333333333333336,0.0,nan,nan,480.0,0.0,0.6389219576719581,4,9,1
4,,135.0,0.02,74,0,46,0,0.0,0.6166666666666667,0.38333333333333336,0.0,nan,nan,480.0,0.0,0.6389219576719581,4,9,1
4,,136.0,0.02,74,0,46,0,0.0,0.6166666666666667,0.38333333333333336,0.0,nan,nan,480.0,0.0,0.6389219576719581,4,9,1
4,,137.0,0.02,74,0,46,0,0.0,0.6166666666666667,0.38333333333333336,0.0,nan,nan,480.0,0.0,0.6389219576719581,4,9,1
4,,138.0,0.02,74,0,46,0,0.0,0.6166666666666667,0.38333333333333336,0.0,nan,nan,480.0,0.0,0.6389219576719581,4,9,1
4,,139.0,0.02,74,0,46,0,0.0,0.6166666666666667,0.38333333333333336,0.0,nan,nan,480.0,0.0,0.6389219576719581,4,9,1
4,,140.0,0.02,75,0,45,0,0.0,0.625,0.375,0.0,nan,nan,480.0,0.0,0.6389219576719581,4,9,1
4,,141.0,0.02,75,0,45,0,0.0,0.625,0.375,0.0,nan,nan,480.0,0.0,0.6389219576719581,4,9,1
4,,142.0,0.02,75,0,45,0,0.0,0.625,0.375,0.0,nan,nan,480.0,0.0,0.6389219576719581,4,9,1
4,,143.0,0.02,76,0,44,0,0.0,0.6333333333333333,0.36666666666666664,0.0,nan,nan,480.0,0.0,0.6389219576719581,4,9,1
4,,144.0,0.02,76,0,44,0,0.0,0.6333333333333333,0.36666666666666664,0.0,nan,nan,480.0,0.0,0.6389219576719581,4,9,1
4,,145.0,0.02,76,0,44,0,0.0,0.6333333333333333,0.36666666666666664,0.0,nan,nan,480.0,0.0,0.6389219576719581,4,9,1
4,,146.0,0.02,77,0,43,0,0.0,0.6416666666666667,0.35833333333333334,0.0,nan,nan,480.0,0.0,0.6389219576719581,4,9,1
4,,147.0,0.02,77,0,43,0,0.0,0.6416666666666667,0.35833333333333334,0.0,nan,nan,480.0,0.0,0.6389219576719581,4,9,1
4,,148.0,0.02,77,0,43,0,0.0,0.6416666666666667,0.35833333333333334,0.0,nan,nan,480.0,0.0,0.6389219576719581,4,9,1
4,,149.0,0.02,77,0,43,0,0.0,0.6416666666666667,0.35833333333333334,0.0,nan,nan,480.0,0.0,0.6389219576719581,4,9,1
4,,150.0,0.02,78,0,42,0,0.0,0.65,0.35,0.0,nan,nan,480.0,0.0,0.6389219576719581,4,9,1
4,,151.0,0.02,79,0,41,0,0.0,0.6583333333333333,0.3416666666666667,0.0,nan,nan,480.0,0.0,0.6389219576719581,4,9,1
4,,152.0,0.02,80,0,40,0,0.0,0.6666666666666666,0.3333333333333333,0.0,nan,nan,480.0,0.0,0.6389219576719581,4,9,1
4,,153.0,0.02,81,0,39,0,0.0,0.675,0.325,0.0,nan,nan,480.0,0.0,0.6389219576719581,4,9,1
4,,154.0,0.02,81,0,39,0,0.0,0.675,0.325,0.0,nan,nan,480.0,0.0,0.6389219576719581,4,9,1
4,,155.0,0.02,81,0,39,0,0.0,0.675,0.325,0.0,nan,nan,480.0,0.0,0.6389219576719581,4,9,1
4,,156.0,0.02,81,0,39,0,0.0,0.675,0.325,0.0,nan,nan,480.0,0.0,0.6389219576719581,4,9,1
4,,157.0,0.02,83,0,37,0,0.0,0.6916666666666667,0.30833333333333335,0.0,nan,nan,480.0,0.0,0.6389219576719581,4,9,1
4,,158.0,0.02,85,0,35,0,0.0,0.7083333333333334,0.2916666666666667,0.0,nan,nan,480.0,0.0,0.6389219576719581,4,9,1
4,,159.0,0.02,85,0,35,0,0.0,0.7083333333333334,0.2916666666666667,0.0,nan,nan,480.0,0.0,0.6389219576719581,4,9,1
4,,160.0,0.02,85,0,35,0,0.0,0.7083333333333334,0.2916666666666667,0.0,nan,nan,480.0,0.0,0.6389219576719581,4,9,1
4,,161.0,0.02,85,0,35,0,0.0,0.7083333333333334,0.2916666666666667,0.0,nan,nan,480.0,0.0,0.6389219576719581,4,9,1
4,,162.0,0.02,85,0,35,0,0.0,0.7083333333333334,0.2916666666666667,0.0,nan,nan,480.0,0.0,0.6389219576719581,4,9,1
4,,163.0,0.02,86,0,34,0,0.0,0.7166666666666667,0.2833333333333333,0.0,nan,nan,480.0,0.0,0.6389219576719581,4,9,1
4,,164.0,0.02,86,0,34,0,0.0,0.7166666666666667,0.2833333333333333,0.0,nan,nan,480.0,0.0,0.6389219576719581,4,9,1
4,,165.0,0.02,86,0,34,0,0.0,0.7166666666666667,0.2833333333333333,0.0,nan,nan,480.0,0.0,0.6389219576719581,4,9,1
4,,166.0,0.02,86,0,34,0,0.0,0.7166666666666667,0.2833333333333333,0.0,nan,nan,480.0,0.0,0.6389219576719581,4,9,1
4,,167.0,0.02,86,0,34,0,0.0,0.7166666666666667,0.2833333333333333,0.0,nan,nan,480.0,0.0,0.6389219576719581,4,9,1
4,,168.0,0.02,86,0,34,0,0.0,0.7166666666666667,0.2833333333333333,0.0,nan,nan,480.0,0.0,0.6389219576719581,4,9,1
4,,169.0,0.02,86,0,34,0,0.0,0.7166666666666667,0.2833333333333333,0.0,nan,nan,480.0,0.0,0.6389219576719581,4,9,1
4,,170.0,0.02,86,0,34,0,0.0,0.7166666666666667,0.2833333333333333,0.0,nan,nan,480.0,0.0,0.6389219576719581,4,9,1
4,,171.0,0.02,86,0,34,0,0.0,0.7166666666666667,0.2833333333333333,0.0,nan,nan,480.0,0.0,0.6389219576719581,4,9,1
4,,172.0,0.02,86,0,34,0,0.0,0.7166666666666667,0.2833333333333333,0.0,nan,nan,480.0,0.0,0.6389219576719581,4,9,1
4,,173.0,0.02,86,0,34,0,0.0,0.7166666666666667,0.2833333333333333,0.0,nan,nan,480.0,0.0,0.6389219576719581,4,9,1
4,,174.0,0.02,87,0,33,0,0.0,0.725,0.275,0.0,nan,nan,480.0,0.0,0.6389219576719581,4,9,1
4,,175.0,0.02,87,0,33,0,0.0,0.725,0.275,0.0,nan,nan,480.0,0.0,0.6389219576719581,4,9,1
4,,176.0,0.02,87,0,33,0,0.0,0.725,0.275,0.0,nan,nan,480.0,0.0,0.6389219576719581,4,9,1
4,,177.0,0.02,89,0,31,0,0.0,0.7416666666666667,0.25833333333333336,0.0,nan,nan,480.0,0.0,0.6389219576719581,4,9,1
4,,178.0,0.02,89,0,31,0,0.0,0.7416666666666667,0.25833333333333336,0.0,nan,nan,480.0,0.0,0.6389219576719581,4,9,1
4,,179.0,0.02,90,0,30,0,0.0,0.75,0.25,0.0,nan,nan,480.0,0.0,0.6389219576719581,4,9,1
4,,180.0,0.02,92,0,28,0,0.0,0.7666666666666667,0.23333333333333334,0.0,nan,nan,480.0,0.0,0.6389219576719581,4,9,1
4,,181.0,0.02,92,0,28,0,0.0,0.7666666666666667,0.23333333333333334,0.0,nan,nan,480.0,0.0,0.6389219576719581,4,9,1
4,,182.0,0.02,92,0,28,0,0.0,0.7666666666666667,0.23333333333333334,0.0,nan,nan,480.0,0.0,0.6389219576719581,4,9,1
4,,183.0,0.02,92,0,28,0,0.0,0.7666666666666667,0.23333333333333334,0.0,nan,nan,480.0,0.0,0.6389219576719581,4,9,1
4,,184.0,0.02,93,0,27,0,0.0,0.775,0.225,0.0,nan,nan,480.0,0.0,0.6389219576719581,4,9,1
4,,185.0,0.02,93,0,27,0,0.0,0.775,0.225,0.0,nan,nan,480.0,0.0,0.6389219576719581,4,9,1
4,,186.0,0.02,93,0,27,0,0.0,0.775,0.225,0.0,nan,nan,480.0,0.0,0.6389219576719581,4,9,1
4,,187.0,0.02,93,0,27,0,0.0,0.775,0.225,0.0,nan,nan,480.0,0.0,0.6389219576719581,4,9,1
4,,188.0,0.02,94,0,26,0,0.0,0.7833333333333333,0.21666666666666667,0.0,nan,nan,480.0,0.0,0.6389219576719581,4,9,1
4,,189.0,0.02,94,0,26,0,0.0,0.7833333333333333,0.21666666666666667,0.0,nan,nan,480.0,0.0,0.6389219576719581,4,9,1
4,,190.0,0.02,94,0,26,0,0.0,0.7833333333333333,0.21666666666666667,0.0,nan,nan,480.0,0.0,0.6389219576719581,4,9,1
4,,191.0,0.02,94,0,26,0,0.0,0.7833333333333333,0.21666666666666667,0.0,nan,nan,480.0,0.0,0.6389219576719581,4,9,1
4,,192.0,0.02,94,0,26,0,0.0,0.7833333333333333,0.21666666666666667,0.0,nan,nan,480.0,0.0,0.6389219576719581,4,9,1
4,,193.0,0.02,94,0,26,0,0.0,0.7833333333333333,0.21666666666666667,0.0,nan,nan,480.0,0.0,0.6389219576719581,4,9,1
4,,194.0,0.02,94,0,26,0,0.0,0.7833333333333333,0.21666666666666667,0.0,nan,nan,480.0,0.0,0.6389219576719581,4,9,1
4,,195.0,0.02,94,0,26,0,0.0,0.7833333333333333,0.21666666666666667,0.0,nan,nan,480.0,0.0,0.6389219576719581,4,9,1
4,,196.0,0.02,94,0,26,0,0.0,0.7833333333333333,0.21666666666666667,0.0,nan,nan,480.0,0.0,0.6389219576719581,4,9,1
4,,197.0,0.02,94,0,26,0,0.0,0.7833333333333333,0.21666666666666667,0.0,nan,nan,480.0,0.0,0.6389219576719581,4,9,1
4,,198.0,0.02,94,0,26,0,0.0,0.7833333333333333,0.21666666666666667,0.0,nan,nan,480.0,0.0,0.6389219576719581,4,9,1
4,,199.0,0.02,95,0,25,0,0.0,0.7916666666666666,0.20833333333333334,0.0,nan,nan,480.0,0.0,0.6389219576719581,4,9,1
4,,200.0,0.02,95,0,25,0,0.0,0.7916666666666666,0.20833333333333334,0.0,nan,nan,480.0,0.0,0.6389219576719581,4,9,1
5,,100.0,0.02,55,0,65,0,0.0,0.4583333333333333,0.5416666666666666,0.0,nan,nan,479.0,0.0,0.6321428571428573,7,10,1
5,,101.0,0.02,55,0,65,0,0.0,0.4583333333333333,0.5416666666666666,0.0,nan,nan,479.0,0.0,0.6321428571428573,7,10,1
5,,102.0,0.02,55,0,65,0,0.0,0.4583333333333333,0.5416666666666666,0.0,nan,nan,479.0,0.0,0.6321428571428573,7,10,1
5,,103.0,0.02,55,0,65,0,0.0,0.4583333333333333,0.5416666666666666,0.0,nan,nan,479.0,0.0,0.6321428571428573,7,10,1
5,,104.0,0.02,56,0,64,0,0.0,0.4666666666666667,0.5333333333333333,0.0,nan,nan,479.0,0.0,0.6321428571428573,7,10,1
5,,105.0,0.02,56,0,64,0,0.0,0.4666666666666667,0.5333333333333333,0.0,nan,nan,479.0,0.0,0.6321428571428573,7,10,1
5,,106.0,0.02,56,0,64,0,0.0,0.4666666666666667,0.5333333333333333,0.0,nan,nan,479.0,0.0,0.6321428571428573,7,10,1
5,,107.0,0.02,56,0,64,0,0.0,0.4666666666666667,0.5333333333333333,0.0,nan,nan,479.0,0.0,0.6321428571428573,7,10,1
5,,108.0,0.02,58,0,62,0,0.0,0.48333333333333334,0.5166666666666667,0.0,nan,nan,479.0,0.0,0.6321428571428573,7,10,1
5,,109.0,0.02,59,0,61,0,0.0,0.49166666666666664,0.5083333333333333,0.0,nan,nan,479.0,0.0,0.6321428571428573,7,10,1
5,,110.0,0.02,60,0,60,0,0.0,0.5,0.5,0.0,nan,nan,479.0,0.0,0.6321428571428573,7,10,1
5,,111.0,0.02,60,0,60,0,0.0,0.5,0.5,0.0,nan,nan,479.0,0.0,0.6321428571428573,7,10,1
5,,112.0,0.02,60,0,60,0,0.0,0.5,0.5,0.0,nan,nan,479.0,0.0,0.6321428571428573,7,10,1
5,,113.0,0.02,61,0,59,0,0.0,0.5083333333333333,0.49166666666666664,0.0,nan,nan,479.0,0.0,0.6321428571428573,7,10,1
5,,114.0,0.02,61,0,59,0,0.0,0.5083333333333333,0.49166666666666664,0.0,nan,nan,479.0,0.0,0.6321428571428573,7,10,1
5,,115.0,0.02,62,0,58,0,0.0,0.5166666666666667,0.48333333333333334,0.0,nan,nan,479.0,0.0,0.6321428571428573,7,10,1
5,,116.0,0.02,62,0,58,0,0.0,0.5166666666666667,0.48333333333333334,0.0,nan,nan,479.0,0.0,0.6321428571428573,7,10,1
5,,117.0,0.02,63,0,57,0,0.0,0.525,0.475,0.0,nan,nan,479.0,0.0,0.6321428571428573,7,10,1
5,,118.0,0.02,63,0,57,0,0.0,0.525,0.475,0.0,nan,nan,479.0,0.0,0.6321428571428573,7,10,1
5,,119.0,0.02,63,0,57,0,0.0,0.525,0.475,0.0,nan,nan,479.0,0.0,0.6321428571428573,7,10,1
5,,120.0,0.02,63,0,57,0,0.0,0.525,0.475,0.0,nan,nan,479.0,0.0,0.6321428571428573,7,10,1
5,,121.0,0.02,64,0,56,0,0.0,0.5333333333333333,0.4666666666666667,0.0,nan,nan,479.0,0.0,0.6321428571428573,7,10,1
5,,122.0,0.02,65,0,55,0,0.0,0.5416666666666666,0.4583333333333333,0.0,nan,nan,479.0,0.0,0.6321428571428573,7,10,1
5,,123.0,0.02,66,0,54,0,0.0,0.55,0.45,0.0,nan,nan,479.0,0.0,0.6321428571428573,7,10,1
5,,124.0,0.02,67,0,53,0,0.0,0.5583333333333333,0.44166666666666665,0.0,nan,nan,479.0,0.0,0.6321428571428573,7,10,1
5,,125.0,0.02,68,0,52,0,0.0,0.5666666666666667,0.43333333333333335,0.0,nan,nan,479.0,0.0,0.6321428571428573,7,10,1
5,,126.0,0.02,69,0,51,0,0.0,0.575,0.425,0.0,nan,nan,479.0,0.0,0.6321428571428573,7,10,1
5,,127.0,0.02,69,0,51,0,0.0,0.575,0.425,0.0,nan,nan,479.0,0.0,0.6321428571428573,7,10,1
5,,128.0,0.02,69,0,51,0,0.0,0.575,0.425,0.0,nan,nan,479.0,0.0,0.6321428571428573,7,10,1
5,,129.0,0.02,71,0,49,0,0.0,0.5916666666666667,0.4083333333333333,0.0,nan,nan,479.0,0.0,0.6321428571428573,7,10,1
5,,130.0,0.02,71,0,49,0,0.0,0.5916666666666667,0.4083333333333333,0.0,nan,nan,479.0,0.0,0.6321428571428573,7,10,1
5,,131.0,0.02,71,0,49,0,0.0,0.5916666666666667,0.4083333333333333,0.0,nan,nan,479.0,0.0,0.6321428571428573,7,10,1
5,,132.0,0.02,71,0,49,0,0.0,0.5916666666666667,0.4083333333333333,0.0,nan,nan,479.0,0.0,0.6321428571428573,7,10,1
5,,133.0,0.02,71,0,49,0,0.0,0.5916666666666667,0.4083333333333333,0.0,nan,nan,479.0,0.0,0.6321428571428573,7,10,1
5,,134.0,0.02,71,0,49,0,0.0,0.5916666666666667,0.4083333333333333,0.0,nan,nan,479.0,0.0,0.6321428571428573,7,10,1
5,,135.0,0.02,71,0,49,0,0.0,0.5916666666666667,0.4083333333333333,0.0,nan,nan,479.0,0.0,0.6321428571428573,7,10,1
5,,136.0,0.02,71,0,49,0,0.0,0.5916666666666667,0.4083333333333333,0.0,nan,nan,479.0,0.0,0.6321428571428573,7,10,1
5,,137.0,0.02,71,0,49,0,0.0,0.5916666666666667,0.4083333333333333,0.0,nan,nan,479.0,0.0,0.6321428571428573,7,10,1
5,,138.0,0.02,71,0,49,0,0.0,0.5916666666666667,0.4083333333333333,0.0,nan,nan,479.0,0.0,0.6321428571428573,7,10,1
5,,139.0,0.02,71,0,49,0,0.0,0.5916666666666667,0.4083333333333333,0.0,nan,nan,479.0,0.0,0.6321428571428573,7,10,1
5,,140.0,0.02,71,0,49,0,0.0,0.5916666666666667,0.4083333333333333,0.0,nan,nan,479.0,0.0,0.6321428571428573,7,10,1
5,,141.0,0.02,71,0,49,0,0.0,0.5916666666666667,0.4083333333333333,0.0,nan,nan,479.0,0.0,0.6321428571428573,7,10,1
5,,142.0,0.02,72,0,48,0,0.0,0.6,0.4,0.0,nan,nan,479.0,0.0,0.6321428571428573,7,10,1
5,,143.0,0.02,73,0,47,0,0.0,0.6083333333333333,0.39166666666666666,0.0,nan,nan,479.0,0.0,0.6321428571428573,7,10,1
5,,144.0,0.02,73,0,47,0,0.0,0.6083333333333333,0.39166666666666666,0.0,nan,nan,479.0,0.0,0.6321428571428573,7,10,1
5,,145.0,0.02,73,0,47,0,0.0,0.6083333333333333,0.39166666666666666,0.0,nan,nan,479.0,0.0,0.6321428571428573,7,10,1
5,,146.0,0.02,73,0,47,0,0.0,0.6083333333333333,0.39166666666666666,0.0,nan,nan,479.0,0.0,0.6321428571428573,7,10,1
5,,147.0,0.02,73,0,47,0,0.0,0.6083333333333333,0.39166666666666666,0.0,nan,nan,479.0,0.0,0.6321428571428573,7,10,1
5,,148.0,0.02,73,0,47,0,0.0,0.6083333333333333,0.39166666666666666,0.0,nan,nan,479.0,0.0,0.6321428571428573,7,10,1
5,,149.0,0.02,73,0,47,0,0.0,0.6083333333333333,0.39166666666666666,0.0,nan,nan,479.0,0.0,0.6321428571428573,7,10,1
5,,150.0,0.02,73,0,47,0,0.0,0.6083333333333333,0.39166666666666666,0.0,nan,nan,479.0,0.0,0.6321428571428573,7,10,1
5,,151.0,0.02,75,0,45,0,0.0,0.625,0.375,0.0,nan,nan,479.0,0.0,0.6321428571428573,7,10,1
5,,152.0,0.02,76,0,44,0,0.0,0.6333333333333333,0.36666666666666664,0.0,nan,nan,479.0,0.0,0.6321428571428573,7,10,1
5,,153.0,0.02,76,0,44,0,0.0,0.6333333333333333,0.36666666666666664,0.0,nan,nan,479.0,0.0,0.6321428571428573,7,10,1
5,,154.0,0.02,76,0,44,0,0.0,0.6333333333333333,0.36666666666666664,0.0,nan,nan,479.0,0.0,0.6321428571428573,7,10,1
5,,155.0,0.02,76,0,44,0,0.0,0.6333333333333333,0.36666666666666664,0.0,nan,nan,479.0,0.0,0.6321428571428573,7,10,1
5,,156.0,0.02,77,0,43,0,0.0,0.6416666666666667,0.35833333333333334,0.0,nan,nan,479.0,0.0,0.6321428571428573,7,10,1
5,,157.0,0.02,78,0,42,0,0.0,0.65,0.35,0.0,nan,nan,479.0,0.0,0.6321428571428573,7,10,1
5,,158.0,0.02,79,0,41,0,0.0,0.6583333333333333,0.3416666666666667,0.0,nan,nan,479.0,0.0,0.6321428571428573,7,10,1
5,,159.0,0.02,79,0,41,0,0.0,0.6583333333333333,0.3416666666666667,0.0,nan,nan,479.0,0.0,0.6321428571428573,7,10,1
5,,160.0,0.02,80,0,40,0,0.0,0.6666666666666666,0.3333333333333333,0.0,nan,nan,479.0,0.0,0.6321428571428573,7,10,1
5,,161.0,0.02,80,0,40,0,0.0,0.6666666666666666,0.3333333333333333,0.0,nan,nan,479.0,0.0,0.6321428571428573,7,10,1
5,,162.0,0.02,81,0,39,0,0.0,0.675,0.325,0.0,nan,nan,479.0,0.0,0.6321428571428573,7,10,1
5,,163.0,0.02,81,0,39,0,0.0,0.675,0.325,0.0,nan,nan,479.0,0.0,0.6321428571428573,7,10,1
5,,164.0,0.02,82,0,38,0,0.0,0.6833333333333333,0.31666666666666665,0.0,nan,nan,479.0,0.0,0.6321428571428573,7,10,1
5,,165.0,0.02,82,0,38,0,0.0,0.6833333333333333,0.31666666666666665,0.0,nan,nan,479.0,0.0,0.6321428571428573,7,10,1
5,,166.0,0.02,82,0,38,0,0.0,0.6833333333333333,0.31666666666666665,0.0,nan,nan,479.0,0.0,0.6321428571428573,7,10,1
5,,167.0,0.02,83,0,37,0,0.0,0.6916666666666667,0.30833333333333335,0.0,nan,nan,479.0,0.0,0.6321428571428573,7,10,1
5,,168.0,0.02,84,0,36,0,0.0,0.7,0.3,0.0,nan,nan,479.0,0.0,0.6321428571428573,7,10,1
5,,169.0,0.02,85,0,35,0,0.0,0.7083333333333334,0.2916666666666667,0.0,nan,nan,479.0,0.0,0.6321428571428573,7,10,1
5,,170.0,0.02,86,0,34,0,0.0,0.7166666666666667,0.2833333333333333,0.0,nan,nan,479.0,0.0,0.6321428571428573,7,10,1
5,,171.0,0.02,87,0,33,0,0.0,0.725,0.275,0.0,nan,nan,479.0,0.0,0.6321428571428573,7,10,1
5,,172.0,0.02,88,0,32,0,0.0,0.7333333333333333,0.26666666666666666,0.0,nan,nan,479.0,0.0,0.6321428571428573,7,10,1
5,,173.0,0.02,88,0,32,0,0.0,0.7333333333333333,0.26666666666666666,0.0,nan,nan,479.0,0.0,0.6321428571428573,7,10,1
5,,174.0,0.02,89,0,31,0,0.0,0.7416666666666667,0.25833333333333336,0.0,nan,nan,479.0,0.0,0.6321428571428573,7,10,1
5,,175.0,0.02,89,0,31,0,0.0,0.7416666666666667,0.25833333333333336,0.0,nan,nan,479.0,0.0,0.6321428571428573,7,10,1
5,,176.0,0.02,90,0,30,0,0.0,0.75,0.25,0.0,nan,nan,479.0,0.0,0.6321428571428573,7,10,1
5,,177.0,0.02,93,0,27,0,0.0,0.775,0.225,0.0,nan,nan,479.0,0.0,0.6321428571428573,7,10,1
5,,178.0,0.02,93,0,27,0,0.0,0.775,0.225,0.0,nan,nan,479.0,0.0,0.6321428571428573,7,10,1
5,,179.0,0.02,93,0,27,0,0.0,0.775,0.225,0.0,nan,nan,479.0,0.0,0.6321428571428573,7,10,1
5,,180.0,0.02,93,0,27,0,0.0,0.775,0.225,0.0,nan,nan,479.0,0.0,0.6321428571428573,7,10,1
5,,181.0,0.02,94,0,26,0,0.0,0.7833333333333333,0.21666666666666667,0.0,nan,nan,479.0,0.0,0.6321428571428573,7,10,1
5,,182.0,0.02,94,0,26,0,0.0,0.7833333333333333,0.21666666666666667,0.0,nan,nan,479.0,0.0,0.6321428571428573,7,10,1
5,,183.0,0.02,94,0,26,0,0.0,0.7833333333333333,0.21666666666666667,0.0,nan,nan,479.0,0.0,0.6321428571428573,7,10,1
5,,184.0,0.02,95,0,25,0,0.0,0.7916666666666666,0.20833333333333334,0.0,nan,nan,479.0,0.0,0.6321428571428573,7,10,1
5,,185.0,0.02,95,0,25,0,0.0,0.7916666666666666,0.20833333333333334,0.0,nan,nan,479.0,0.0,0.6321428571428573,7,10,1
5,,186.0,0.02,96,0,24,0,0.0,0.8,0.2,0.0,nan,nan,479.0,0.0,0.6321428571428573,7,10,1
5,,187.0,0.02,96,0,24,0,0.0,0.8,0.2,0.0,nan,nan,479.0,0.0,0.6321428571428573,7,10,1
5,,188.0,0.02,96,0,24,0,0.0,0.8,0.2,0.0,nan,nan,479.0,0.0,0.6321428571428573,7,10,1
5,,189.0,0.02,96,0,24,0,0.0,0.8,0.2,0.0,nan,nan,479.0,0.0,0.6321428571428573,7,10,1
5,,190.0,0.02,96,0,24,0,0.0,0.8,0.2,0.0,nan,nan,479.0,0.0,0.6321428571428573,7,10,1
5,,191.0,0.02,97,0,23,0,0.0,0.8083333333333333,0.19166666666666668,0.0,nan,nan,479.0,0.0,0.6321428571428573,7,10,1
5,,192.0,0.02,97,0,23,0,0.0,0.8083333333333333,0.19166666666666668,0.0,nan,nan,479.0,0.0,0.6321428571428573,7,10,1
5,,193.0,0.02,97,0,23,0,0.0,0.8083333333333333,0.19166666666666668,0.0,nan,nan,479.0,0.0,0.6321428571428573,7,10,1
5,,194.0,0.02,97,0,23,0,0.0,0.8083333333333333,0.19166666666666668,0.0,nan,nan,479.0,0.0,0.6321428571428573,7,10,1
5,,195.0,0.02,97,0,23,0,0.0,0.8083333333333333,0.19166666666666668,0.0,nan,nan,479.0,0.0,0.6321428571428573,7,10,1
5,,196.0,0.02,99,0,21,0,0.0,0.825,0.175,0.0,nan,nan,479.0,0.0,0.6321428571428573,7,10,1
5,,197.0,0.02,99,0,21,0,0.0,0.825,0.175,0.0,nan,nan,479.0,0.0,0.6321428571428573,7,10,1
5,,198.0,0.02,100,0,20,0,0.0,0.8333333333333334,0.16666666666666666,0.0,nan,nan,479.0,0.0,0.6321428571428573,7,10,1
5,,199.0,0.02,100,0,20,0,0.0,0.8333333333333334,0.16666666666666666,0.0,nan,nan,479.0,0.0,0.6321428571428573,7,10,1
5,,200.0,0.02,100,0,20,0,0.0,0.8333333333333334,0.16666666666666666,0.0,nan,nan,479.0,0.0,0.6321428571428573,7,10,1
6,,100.0,0.02,52,1,67,0,0.008333333333333333,0.43333333333333335,0.5583333333333333,0.0,0.5463751170000309,0.0,473.0,0.0,0.6235449735449738,5,9,0
6,,101.0,0.02,53,1,66,0,0.008333333333333333,0.44166666666666665,0.55,0.0,0.5463751170000309,0.0,473.0,0.0,0.6235449735449738,5,9,0
6,,102.0,0.02,53,1,66,0,0.008333333333333333,0.44166666666666665,0.55,0.0,0.5463751170000309,0.0,473.0,0.0,0.6235449735449738,5,9,0
6,,103.0,0.02,53,1,66,0,0.008333333333333333,0.44166666666666665,0.55,0.0,0.5463751170000309,0.0,473.0,0.0,0.6235449735449738,5,9,0
6,,104.0,0.02,53,1,66,0,0.008333333333333333,0.44166666666666665,0.55,0.0,0.5463751170000309,0.0,473.0,0.0,0.6235449735449738,5,9,0
6,,105.0,0.02,53,0,67,0,0.0,0.44166666666666665,0.5583333333333333,0.0,nan,nan,480.0,0.0,0.6305886243386248,5,9,1
6,,106.0,0.02,53,0,67,0,0.0,0.44166666666666665,0.5583333333333333,0.0,nan,nan,480.0,0.0,0.6305886243386248,5,9,1
6,,107.0,0.02,53,0,67,0,0.0,0.44166666666666665,0.5583333333333333,0.0,nan,nan,480.0,0.0,0.6305886243386248,5,9,1
6,,108.0,0.02,53,0,67,0,0.0,0.44166666666666665,0.5583333333333333,0.0,nan,nan,480.0,0.0,0.6305886243386248,5,9,1
6,,109.0,0.02,53,0,67,0,0.0,0.44166666666666665,0.5583333333333333,0.0,nan,nan,480.0,0.0,0.6305886243386248,5,9,1
6,,110.0,0.02,53,0,67,0,0.0,0.44166666666666665,0.5583333333333333,0.0,nan,nan,480.0,0.0,0.6305886243386248,5,9,1
6,,111.0,0.02,53,0,67,0,0.0,0.44166666666666665,0.5583333333333333,0.0,nan,nan,480.0,0.0,0.6305886243386248,5,9,1
6,,112.0,0.02,56,0,64,0,0.0,0.4666666666666667,0.5333333333333333,0.0,nan,nan,480.0,0.0,0.6305886243386248,5,9,1
6,,113.0,0.02,56,0,64,0,0.0,0.4666666666666667,0.5333333333333333,0.0,nan,nan,480.0,0.0,0.6305886243386248,5,9,1
6,,114.0,0.02,57,0,63,0,0.0,0.475,0.525,0.0,nan,nan,480.0,0.0,0.6305886243386248,5,9,1
6,,115.0,0.02,57,0,63,0,0.0,0.475,0.525,0.0,nan,nan,480.0,0.0,0.6305886243386248,5,9,1
6,,116.0,0.02,59,0,61,0,0.0,0.49166666666666664,0.5083333333333333,0.0,nan,nan,480.0,0.0,0.6305886243386248,5,9,1
6,,117.0,0.02,59,0,61,0,0.0,0.49166666666666664,0.5083333333333333,0.0,nan,nan,480.0,0.0,0.6305886243386248,5,9,1
6,,118.0,0.02,59,0,61,0,0.0,0.49166666666666664,0.5083333333333333,0.0,nan,nan,480.0,0.0,0.6305886243386248,5,9,1
6,,119.0,0.02,60,0,60,0,0.0,0.5,0.5,0.0,nan,nan,480.0,0.0,0.6305886243386248,5,9,1
6,,120.0,0.02,61,0,59,0,0.0,0.5083333333333333,0.49166666666666664,0.0,nan,nan,480.0,0.0,0.6305886243386248,5,9,1
6,,121.0,0.02,61,0,59,0,0.0,0.5083333333333333,0.49166666666666664,0.0,nan,nan,480.0,0.0,0.6305886243386248,5,9,1
6,,122.0,0.02,62,0,58,0,0.0,0.5166666666666667,0.48333333333333334,0.0,nan,nan,480.0,0.0,0.6305886243386248,5,9,1
6,,123.0,0.02,62,0,58,0,0.0,0.5166666666666667,0.48333333333333334,0.0,nan,nan,480.0,0.0,0.6305886243386248,5,9,1
6,,124.0,0.02,63,0,57,0,0.0,0.525,0.475,0.0,nan,nan,480.0,0.0,0.6305886243386248,5,9,1
6,,125.0,0.02,63,0,57,0,0.0,0.525,0.475,0.0,nan,nan,480.0,0.0,0.6305886243386248,5,9,1
6,,126.0,0.02,63,0,57,0,0.0,0.525,0.475,0.0,nan,nan,480.0,0.0,0.6305886243386248,5,9,1
6,,127.0,0.02,64,0,56,0,0.0,0.5333333333333333,0.4666666666666667,0.0,nan,nan,480.0,0.0,0.6305886243386248,5,9,1
6,,128.0,0.02,64,0,56,0,0.0,0.5333333333333333,0.4666666666666667,0.0,nan,nan,480.0,0.0,0.6305886243386248,5,9,1
6,,129.0,0.02,65,0,55,0,0.0,0.5416666666666666,0.4583333333333333,0.0,nan,nan,480.0,0.0,0.6305886243386248,5,9,1
6,,130.0,0.02,65,0,55,0,0.0,0.5416666666666666,0.4583333333333333,0.0,nan,nan,480.0,0.0,0.6305886243386248,5,9,1
6,,131.0,0.02,65,0,55,0,0.0,0.5416666666666666,0.4583333333333333,0.0,nan,nan,480.0,0.0,0.6305886243386248,5,9,1
6,,132.0,0.02,65,0,55,0,0.0,0.5416666666666666,0.4583333333333333,0.0,nan,nan,480.0,0.0,0.6305886243386248,5,9,1
6,,133.0,0.02,66,0,54,0,0.0,0.55,0.45,0.0,nan,nan,480.0,0.0,0.6305886243386248,5,9,1
6,,134.0,0.02,66,0,54,0,0.0,0.55,0.45,0.0,nan,nan,480.0,0.0,0.6305886243386248,5,9,1
6,,135.0,0.02,66,0,54,0,0.0,0.55,0.45,0.0,nan,nan,480.0,0.0,0.6305886243386248,5,9,1
6,,136.0,0.02,66,0,54,0,0.0,0.55,0.45,0.0,nan,nan,480.0,0.0,0.6305886243386248,5,9,1
6,,137.0,0.02,66,0,54,0,0.0,0.55,0.45,0.0,nan,nan,480.0,0.0,0.6305886243386248,5,9,1
6,,138.0,0.02,67,0,53,0,0.0,0.5583333333333333,0.44166666666666665,0.0,nan,nan,480.0,0.0,0.6305886243386248,5,9,1
6,,139.0,0.02,67,0,53,0,0.0,0.5583333333333333,0.44166666666666665,0.0,nan,nan,480.0,0.0,0.6305886243386248,5,9,1
6,,140.0,0.02,67,0,53,0,0.0,0.5583333333333333,0.44166666666666665,0.0,nan,nan,480.0,0.0,0.6305886243386248,5,9,1
6,,141.0,0.02,67,0,53,0,0.0,0.5583333333333333,0.44166666666666665,0.0,nan,nan,480.0,0.0,0.6305886243386248,5,9,1
6,,142.0,0.02,67,0,53,0,0.0,0.5583333333333333,0.44166666666666665,0.0,nan,nan,480.0,0.0,0.6305886243386248,5,9,1
6,,143.0,0.02,67,0,53,0,0.0,0.5583333333333333,0.44166666666666665,0.0,nan,nan,480.0,0.0,0.6305886243386248,5,9,1
6,,144.0,0.02,69,0,51,0,0.0,0.575,0.425,0.0,nan,nan,480.0,0.0,0.6305886243386248,5,9,1
6,,145.0,0.02,69,0,51,0,0.0,0.575,0.425,0.0,nan,nan,480.0,0.0,0.6305886243386248,5,9,1
6,,146.0,0.02,69,0,51,0,0.0,0.575,0.425,0.0,nan,nan,480.0,0.0,0.6305886243386248,5,9,1
6,,147.0,0.02,69,0,51,0,0.0,0.575,0.425,0.0,nan,nan,480.0,0.0,0.6305886243386248,5,9,1
6,,148.0,0.02,70,0,50,0,0.0,0.5833333333333334,0.4166666666666667,0.0,nan,nan,480.0,0.0,0.6305886243386248,5,9,1
6,,149.0,0.02,71,0,49,0,0.0,0.5916666666666667,0.4083333333333333,0.0,nan,nan,480.0,0.0,0.6305886243386248,5,9,1
6,,150.0,0.02,71,0,49,0,0.0,0.5916666666666667,0.4083333333333333,0.0,nan,nan,480.0,0.0,0.6305886243386248,5,9,1
6,,151.0,0.02,72,0,48,0,0.0,0.6,0.4,0.0,nan,nan,480.0,0.0,0.6305886243386248,5,9,1
6,,152.0,0.02,73,0,47,0,0.0,0.6083333333333333,0.39166666666666666,0.0,nan,nan,480.0,0.0,0.6305886243386248,5,9,1
6,,153.0,0.02,73,0,47,0,0.0,0.6083333333333333,0.39166666666666666,0.0,nan,nan,480.0,0.0,0.6305886243386248,5,9,1
6,,154.0,0.02,74,0,46,0,0.0,0.6166666666666667,0.38333333333333336,0.0,nan,nan,480.0,0.0,0.6305886243386248,5,9,1
6,,155.0,0.02,74,0,46,0,0.0,0.6166666666666667,0.38333333333333336,0.0,nan,nan,480.0,0.0,0.6305886243386248,5,9,1
6,,156.0,0.02,74,0,46,0,0.0,0.6166666666666667,0.38333333333333336,0.0,nan,nan,480.0,0.0,0.6305886243386248,5,9,1
6,,157.0,0.02,74,0,46,0,0.0,0.6166666666666667,0.38333333333333336,0.0,nan,nan,480.0,0.0,0.6305886243386248,5,9,1
6,,158.0,0.02,75,0,45,0,0.0,0.625,0.375,0.0,nan,nan,480.0,0.0,0.6305886243386248,5,9,1
6,,159.0,0.02,75,0,45,0,0.0,0.625,0.375,0.0,nan,nan,480.0,0.0,0.6305886243386248,5,9,1
6,,160.0,0.02,75,0,45,0,0.0,0.625,0.375,0.0,nan,nan,480.0,0.0,0.6305886243386248,5,9,1
6,,161.0,0.02,76,0,44,0,0.0,0.6333333333333333,0.36666666666666664,0.0,nan,nan,480.0,0.0,0.6305886243386248,5,9,1
6,,162.0,0.02,77,0,43,0,0.0,0.6416666666666667,0.35833333333333334,0.0,nan,nan,480.0,0.0,0.6305886243386248,5,9,1
6,,163.0,0.02,77,0,43,0,0.0,0.6416666666666667,0.35833333333333334,0.0,nan,nan,480.0,0.0,0.6305886243386248,5,9,1
6,,164.0,0.02,77,0,43,0,0.0,0.6416666666666667,0.35833333333333334,0.0,nan,nan,480.0,0.0,0.6305886243386248,5,9,1
6,,165.0,0.02,77,0,43,0,0.0,0.6416666666666667,0.35833333333333334,0.0,nan,nan,480.0,0.0,0.6305886243386248,5,9,1
6,,166.0,0.02,79,0,41,0,0.0,0.6583333333333333,0.3416666666666667,0.0,nan,nan,480.0,0.0,0.6305886243386248,5,9,1
6,,167.0,0.02,79,0,41,0,0.0,0.6583333333333333,0.3416666666666667,0.0,nan,nan,480.0,0.0,0.6305886243386248,5,9,1
6,,168.0,0.02,79,0,41,0,0.0,0.6583333333333333,0.3416666666666667,0.0,nan,nan,480.0,0.0,0.6305886243386248,5,9,1
6,,169.0,0.02,79,0,41,0,0.0,0.6583333333333333,0.3416666666666667,0.0,nan,nan,480.0,0.0,0.6305886243386248,5,9,1
6,,170.0,0.02,79,0,41,0,0.0,0.6583333333333333,0.3416666666666667,0.0,nan,nan,480.0,0.0,0.6305886243386248,5,9,1
6,,171.0,0.02,79,0,41,0,0.0,0.6583333333333333,0.3416666666666667,0.0,nan,nan,480.0,0.0,0.6305886243386248,5,9,1
6,,172.0,0.02,79,0,41,0,0.0,0.6583333333333333,0.3416666666666667,0.0,nan,nan,480.0,0.0,0.6305886243386248,5,9,1
6,,173.0,0.02,79,0,41,0,0.0,0.6583333333333333,0.3416666666666667,0.0,nan,nan,480.0,0.0,0.6305886243386248,5,9,1
6,,174.0,0.02,79,0,41,0,0.0,0.6583333333333333,0.3416666666666667,0.0,nan,nan,480.0,0.0,0.6305886243386248,5,9,1
6,,175.0,0.02,79,0,41,0,0.0,0.6583333333333333,0.3416666666666667,0.0,nan,nan,480.0,0.0,0.6305886243386248,5,9,1
6,,176.0,0.02,79,0,41,0,0.0,0.6583333333333333,0.3416666666666667,0.0,nan,nan,480.0,0.0,0.6305886243386248,5,9,1
6,,177.0,0.02,79,0,41,0,0.0,0.6583333333333333,0.3416666666666667,0.0,nan,nan,480.0,0.0,0.6305886243386248,5,9,1
6,,178.0,0.02,79,0,41,0,0.0,0.6583333333333333,0.3416666666666667,0.0,nan,nan,480.0,0.0,0.6305886243386248,5,9,1
6,,179.0,0.02,80,0,40,0,0.0,0.6666666666666666,0.3333333333333333,0.0,nan,nan,480.0,0.0,0.6305886243386248,5,9,1
6,,180.0,0.02,81,0,39,0,0.0,0.675,0.325,0.0,nan,nan,480.0,0.0,0.6305886243386248,5,9,1
6,,181.0,0.02,81,0,39,0,0.0,0.675,0.325,0.0,nan,nan,480.0,0.0,0.6305886243386248,5,9,1
6,,182.0,0.02,82,0,38,0,0.0,0.6833333333333333,0.31666666666666665,0.0,nan,nan,480.0,0.0,0.6305886243386248,5,9,1
6,,183.0,0.02,82,0,38,0,0.0,0.6833333333333333,0.31666666666666665,0.0,nan,nan,480.0,0.0,0.6305886243386248,5,9,1
6,,184.0,0.02,82,0,38,0,0.0,0.6833333333333333,0.31666666666666665,0.0,nan,nan,480.0,0.0,0.6305886243386248,5,9,1
6,,185.0,0.02,82,0,38,0,0.0,0.6833333333333333,0.31666666666666665,0.0,nan,nan,480.0,0.0,0.6305886243386248,5,9,1
6,,186.0,0.02,83,0,37,0,0.0,0.6916666666666667,0.30833333333333335,0.0,nan,nan,480.0,0.0,0.6305886243386248,5,9,1
6,,187.0,0.02,83,0,37,0,0.0,0.6916666666666667,0.30833333333333335,0.0,nan,nan,480.0,0.0,0.6305886243386248,5,9,1
6,,188.0,0.02,83,0,37,0,0.0,0.6916666666666667,0.30833333333333335,0.0,nan,nan,480.0,0.0,0.6305886243386248,5,9,1
6,,189.0,0.02,83,0,37,0,0.0,0.6916666666666667,0.30833333333333335,0.0,nan,nan,480.0,0.0,0.6305886243386248,5,9,1
6,,190.0,0.02,83,0,37,0,0.0,0.6916666666666667,0.30833333333333335,0.0,nan,nan,480.0,0.0,0.6305886243386248,5,9,1
6,,191.0,0.02,83,0,37,0,0.0,0.6916666666666667,0.30833333333333335,0.0,nan,nan,480.0,0.0,0.6305886243386248,5,9,1
6,,192.0,0.02,83,0,37,0,0.0,0.6916666666666667,0.30833333333333335,0.0,nan,nan,480.0,0.0,0.6305886243386248,5,9,1
6,,193.0,0.02,84,0,36,0,0.0,0.7,0.3,0.0,nan,nan,480.0,0.0,0.6305886243386248,5,9,1
6,,194.0,0.02,85,0,35,0,0.0,0.7083333333333334,0.2916666666666667,0.0,nan,nan,480.0,0.0,0.6305886243386248,5,9,1
6,,195.0,0.02,86,0,34,0,0.0,0.7166666666666667,0.2833333333333333,0.0,nan,nan,480.0,0.0,0.6305886243386248,5,9,1
6,,196.0,0.02,87,0,33,0,0.0,0.725,0.275,0.0,nan,nan,480.0,0.0,0.6305886243386248,5,9,1
6,,197.0,0.02,87,0,33,0,0.0,0.725,0.275,0.0,nan,nan,480.0,0.0,0.6305886243386248,5,9,1
6,,198.0,0.02,89,0,31,0,0.0,0.7416666666666667,0.25833333333333336,0.0,nan,nan,480.0,0.0,0.6305886243386248,5,9,1
6,,199.0,0.02,89,0,31,0,0.0,0.7416666666666667,0.25833333333333336,0.0,nan,nan,480.0,0.0,0.6305886243386248,5,9,1
6,,200.0,0.02,89,0,31,0,0.0,0.7416666666666667,0.25833333333333336,0.0,nan,nan,480.0,0.0,0.6305886243386248,5,9,1
7,,100.0,0.02,48,1,71,0,0.008333333333333333,0.4,0.5916666666666667,0.0,0.29958233329179706,0.0,478.0,0.0,0.6215277777777785,1,10,0
7,,101.0,0.02,48,1,71,0,0.008333333333333333,0.4,0.5916666666666667,0.0,0.29958233329179706,0.0,478.0,0.0,0.6215277777777785,1,10,0
7,,102.0,0.02,49,1,70,0,0.008333333333333333,0.4083333333333333,0.5833333333333334,0.0,0.29958233329179706,0.0,478.0,0.0,0.6215277777777785,1,10,0
7,,103.0,0.02,51,1,68,0,0.008333333333333333,0.425,0.5666666666666667,0.0,0.29958233329179706,0.0,478.0,0.0,0.6215277777777785,1,10,0
7,,104.0,0.02,51,1,68,0,0.008333333333333333,0.425,0.5666666666666667,0.0,0.29958233329179706,0.0,478.0,0.0,0.6215277777777785,1,10,0
7,,105.0,0.02,51,1,68,0,0.008333333333333333,0.425,0.5666666666666667,0.0,0.29958233329179706,0.0,478.0,0.0,0.6215277777777785,1,10,0
7,,106.0,0.02,51,1,68,0,0.008333333333333333,0.425,0.5666666666666667,0.0,0.29958233329179706,0.0,478.0,0.0,0.6215277777777785,1,10,0
7,,107.0,0.02,51,0,69,0,0.0,0.425,0.575,0.0,nan,nan,479.0,0.0,0.622321428571429,1,10,1
7,,108.0,0.02,51,0,69,0,0.0,0.425,0.575,0.0,nan,nan,479.0,0.0,0.622321428571429,1,10,1
7,,109.0,0.02,51,0,69,0,0.0,0.425,0.575,0.0,nan,nan,479.0,0.0,0.622321428571429,1,10,1
7,,110.0,0.02,51,0,69,0,0.0,0.425,0.575,0.0,nan,nan,479.0,0.0,0.622321428571429,1,10,1
7,,111.0,0.02,53,0,67,0,0.0,0.44166666666666665,0.5583333333333333,0.0,nan,nan,479.0,0.0,0.622321428571429,1,10,1
7,,112.0,0.02,54,0,66,0,0.0,0.45,0.55,0.0,nan,nan,479.0,0.0,0.622321428571429,1,10,1
7,,113.0,0.02,54,0,66,0,0.0,0.45,0.55,0.0,nan,nan,479.0,0.0,0.622321428571429,1,10,1
7,,114.0,0.02,54,0,66,0,0.0,0.45,0.55,0.0,nan,nan,479.0,0.0,0.622321428571429,1,10,1
7,,115.0,0.02,54,0,66,0,0.0,0.45,0.55,0.0,nan,nan,479.0,0.0,0.622321428571429,1,10,1
7,,116.0,0.02,56,0,64,0,0.0,0.4666666666666667,0.5333333333333333,0.0,nan,nan,479.0,0.0,0.622321428571429,1,10,1
7,,117.0,0.02,57,0,63,0,0.0,0.475,0.525,0.0,nan,nan,479.0,0.0,0.622321428571429,1,10,1
7,,118.0,0.02,57,0,63,0,0.0,0.475,0.525,0.0,nan,nan,479.0,0.0,0.622321428571429,1,10,1
7,,119.0,0.02,59,0,61,0,0.0,0.49166666666666664,0.5083333333333333,0.0,nan,nan,479.0,0.0,0.622321428571429,1,10,1
7,,120.0,0.02,59,0,61,0,0.0,0.49166666666666664,0.5083333333333333,0.0,nan,nan,479.0,0.0,0.622321428571429,1,10,1
7,,121.0,0.02,59,0,61,0,0.0,0.49166666666666664,0.5083333333333333,0.0,nan,nan,479.0,0.0,0.622321428571429,1,10,1
7,,122.0,0.02,59,0,61,0,0.0,0.49166666666666664,0.5083333333333333,0.0,nan,nan,479.0,0.0,0.622321428571429,1,10,1
7,,123.0,0.02,59,0,61,0,0.0,0.49166666666666664,0.5083333333333333,0.0,nan,nan,479.0,0.0,0.622321428571429,1,10,1
7,,124.0,0.02,59,0,61,0,0.0,0.49166666666666664,0.5083333333333333,0.0,nan,nan,479.0,0.0,0.622321428571429,1,10,1
7,,125.0,0.02,60,0,60,0,0.0,0.5,0.5,0.0,nan,nan,479.0,0.0,0.622321428571429,1,10,1
7,,126.0,0.02,60,0,60,0,0.0,0.5,0.5,0.0,nan,nan,479.0,0.0,0.622321428571429,1,10,1
7,,127.0,0.02,60,0,60,0,0.0,0.5,0.5,0.0,nan,nan,479.0,0.0,0.622321428571429,1,10,1
7,,128.0,0.02,60,0,60,0,0.0,0.5,0.5,0.0,nan,nan,479.0,0.0,0.622321428571429,1,10,1
7,,129.0,0.02,62,0,58,0,0.0,0.5166666666666667,0.48333333333333334,0.0,nan,nan,479.0,0.0,0.622321428571429,1,10,1
7,,130.0,0.02,62,0,58,0,0.0,0.5166666666666667,0.48333333333333334,0.0,nan,nan,479.0,0.0,0.622321428571429,1,10,1
7,,131.0,0.02,65,0,55,0,0.0,0.5416666666666666,0.4583333333333333,0.0,nan,nan,479.0,0.0,0.622321428571429,1,10,1
7,,132.0,0.02,65,0,55,0,0.0,0.5416666666666666,0.4583333333333333,0.0,nan,nan,479.0,0.0,0.622321428571429,1,10,1
7,,133.0,0.02,65,0,55,0,0.0,0.5416666666666666,0.4583333333333333,0.0,nan,nan,479.0,0.0,0.622321428571429,1,10,1
7,,134.0,0.02,65,0,55,0,0.0,0.5416666666666666,0.4583333333333333,0.0,nan,nan,479.0,0.0,0.622321428571429,1,10,1
7,,135.0,0.02,65,0,55,0,0.0,0.5416666666666666,0.4583333333333333,0.0,nan,nan,479.0,0.0,0.622321428571429,1,10,1
7,,136.0,0.02,65,0,55,0,0.0,0.5416666666666666,0.4583333333333333,0.0,nan,nan,479.0,0.0,0.622321428571429,1,10,1
7,,137.0,0.02,65,0,55,0,0.0,0.5416666666666666,0.4583333333333333,0.0,nan,nan,479.0,0.0,0.622321428571429,1,10,1
7,,138.0,0.02,65,0,55,0,0.0,0.5416666666666666,0.4583333333333333,0.0,nan,nan,479.0,0.0,0.622321428571429,1,10,1
7,,139.0,0.02,67,0,53,0,0.0,0.5583333333333333,0.44166666666666665,0.0,nan,nan,479.0,0.0,0.622321428571429,1,10,1
7,,140.0,0.02,67,0,53,0,0.0,0.5583333333333333,0.44166666666666665,0.0,nan,nan,479.0,0.0,0.622321428571429,1,10,1
7,,141.0,0.02,68,0,52,0,0.0,0.5666666666666667,0.43333333333333335,0.0,nan,nan,479.0,0.0,0.622321428571429,1,10,1
7,,142.0,0.02,69,0,51,0,0.0,0.575,0.425,0.0,nan,nan,479.0,0.0,0.622321428571429,1,10,1
7,,143.0,0.02,69,0,51,0,0.0,0.575,0.425,0.0,nan,nan,479.0,0.0,0.622321428571429,1,10,1
7,,144.0,0.02,70,0,50,0,0.0,0.5833333333333334,0.4166666666666667,0.0,nan,nan,479.0,0.0,0.622321428571429,1,10,1
7,,145.0,0.02,71,0,49,0,0.0,0.5916666666666667,0.4083333333333333,0.0,nan,nan,479.0,0.0,0.622321428571429,1,10,1
7,,146.0,0.02,71,0,49,0,0.0,0.5916666666666667,0.4083333333333333,0.0,nan,nan,479.0,0.0,0.622321428571429,1,10,1
7,,147.0,0.02,71,0,49,0,0.0,0.5916666666666667,0.4083333333333333,0.0,nan,nan,479.0,0.0,0.622321428571429,1,10,1
7,,148.0,0.02,72,0,48,0,0.0,0.6,0.4,0.0,nan,nan,479.0,0.0,0.622321428571429,1,10,1
7,,149.0,0.02,73,0,47,0,0.0,0.6083333333333333,0.39166666666666666,0.0,nan,nan,479.0,0.0,0.622321428571429,1,10,1
7,,150.0,0.02,73,0,47,0,0.0,0.6083333333333333,0.39166666666666666,0.0,nan,nan,479.0,0.0,0.622321428571429,1,10,1
7,,151.0,0.02,74,0,46,0,0.0,0.6166666666666667,0.38333333333333336,0.0,nan,nan,479.0,0.0,0.622321428571429,1,10,1
7,,152.0,0.02,74,0,46,0,0.0,0.6166666666666667,0.38333333333333336,0.0,nan,nan,479.0,0.0,0.622321428571429,1,10,1
7,,153.0,0.02,74,0,46,0,0.0,0.6166666666666667,0.38333333333333336,0.0,nan,nan,479.0,0.0,0.622321428571429,1,10,1
7,,154.0,0.02,75,0,45,0,0.0,0.625,0.375,0.0,nan,nan,479.0,0.0,0.622321428571429,1,10,1
7,,155.0,0.02,75,0,45,0,0.0,0.625,0.375,0.0,nan,nan,479.0,0.0,0.622321428571429,1,10,1
7,,156.0,0.02,75,0,45,0,0.0,0.625,0.375,0.0,nan,nan,479.0,0.0,0.622321428571429,1,10,1
7,,157.0,0.02,76,0,44,0,0.0,0.6333333333333333,0.36666666666666664,0.0,nan,nan,479.0,0.0,0.622321428571429,1,10,1
7,,158.0,0.02,76,0,44,0,0.0,0.6333333333333333,0.36666666666666664,0.0,nan,nan,479.0,0.0,0.622321428571429,1,10,1
7,,159.0,0.02,76,0,44,0,0.0,0.6333333333333333,0.36666666666666664,0.0,nan,nan,479.0,0.0,0.622321428571429,1,10,1
7,,160.0,0.02,77,0,43,0,0.0,0.6416666666666667,0.35833333333333334,0.0,nan,nan,479.0,0.0,0.622321428571429,1,10,1
7,,161.0,0.02,77,0,43,0,0.0,0.6416666666666667,0.35833333333333334,0.0,nan,nan,479.0,0.0,0.622321428571429,1,10,1
7,,162.0,0.02,77,0,43,0,0.0,0.6416666666666667,0.35833333333333334,0.0,nan,nan,479.0,0.0,0.622321428571429,1,10,1
7,,163.0,0.02,78,0,42,0,0.0,0.65,0.35,0.0,nan,nan,479.0,0.0,0.622321428571429,1,10,1
7,,164.0,0.02,79,0,41,0,0.0,0.6583333333333333,0.3416666666666667,0.0,nan,nan,479.0,0.0,0.622321428571429,1,10,1
7,,165.0,0.02,79,0,41,0,0.0,0.6583333333333333,0.3416666666666667,0.0,nan,nan,479.0,0.0,0.622321428571429,1,10,1
7,,166.0,0.02,79,0,41,0,0.0,0.6583333333333333,0.3416666666666667,0.0,nan,nan,479.0,0.0,0.622321428571429,1,10,1
7,,167.0,0.02,79,0,41,0,0.0,0.6583333333333333,0.3416666666666667,0.0,nan,nan,479.0,0.0,0.622321428571429,1,10,1
7,,168.0,0.02,79,0,41,0,0.0,0.6583333333333333,0.3416666666666667,0.0,nan,nan,479.0,0.0,0.622321428571429,1,10,1
7,,169.0,0.02,80,0,40,0,0.0,0.6666666666666666,0.3333333333333333,0.0,nan,nan,479.0,0.0,0.622321428571429,1,10,1
7,,170.0,0.02,80,0,40,0,0.0,0.6666666666666666,0.3333333333333333,0.0,nan,nan,479.0,0.0,0.622321428571429,1,10,1
7,,171.0,0.02,80,0,40,0,0.0,0.6666666666666666,0.3333333333333333,0.0,nan,nan,479.0,0.0,0.622321428571429,1,10,1
7,,172.0,0.02,82,0,38,0,0.0,0.6833333333333333,0.31666666666666665,0.0,nan,nan,479.0,0.0,0.622321428571429,1,10,1
7,,173.0,0.02,83,0,37,0,0.0,0.6916666666666667,0.30833333333333335,0.0,nan,nan,479.0,0.0,0.622321428571429,1,10,1
7,,174.0,0.02,83,0,37,0,0.0,0.6916666666666667,0.30833333333333335,0.0,nan,nan,479.0,0.0,0.622321428571429,1,10,1
7,,175.0,0.02,83,0,37,0,0.0,0.6916666666666667,0.30833333333333335,0.0,nan,nan,479.0,0.0,0.622321428571429,1,10,1
7,,176.0,0.02,83,0,37,0,0.0,0.6916666666666667,0.30833333333333335,0.0,nan,nan,479.0,0.0,0.622321428571429,1,10,1
7,,177.0,0.02,83,0,37,0,0.0,0.6916666666666667,0.30833333333333335,0.0,nan,nan,479.0,0.0,0.622321428571429,1,10,1
7,,178.0,0.02,83,0,37,0,0.0,0.6916666666666667,0.30833333333333335,0.0,nan,nan,479.0,0.0,0.622321428571429,1,10,1
7,,179.0,0.02,83,0,37,0,0.0,0.6916666666666667,0.30833333333333335,0.0,nan,nan,479.0,0.0,0.622321428571429,1,10,1
7,,180.0,0.02,84,0,36,0,0.0,0.7,0.3,0.0,nan,nan,479.0,0.0,0.622321428571429,1,10,1
7,,181.0,0.02,84,0,36,0,0.0,0.7,0.3,0.0,nan,nan,479.0,0.0,0.622321428571429,1,10,1
7,,182.0,0.02,84,0,36,0,0.0,0.7,0.3,0.0,nan,nan,479.0,0.0,0.622321428571429,1,10,1
7,,183.0,0.02,84,0,36,0,0.0,0.7,0.3,0.0,nan,nan,479.0,0.0,0.622321428571429,1,10,1
7,,184.0,0.02,84,0,36,0,0.0,0.7,0.3,0.0,nan,nan,479.0,0.0,0.622321428571429,1,10,1
7,,185.0,0.02,84,0,36,0,0.0,0.7,0.3,0.0,nan,nan,479.0,0.0,0.622321428571429,1,10,1
7,,186.0,0.02,84,0,36,0,0.0,0.7,0.3,0.0,nan,nan,479.0,0.0,0.622321428571429,1,10,1
7,,187.0,0.02,84,0,36,0,0.0,0.7,0.3,0.0,nan,nan,479.0,0.0,0.622321428571429,1,10,1
7,,188.0,0.02,84,0,36,0,0.0,0.7,0.3,0.0,nan,nan,479.0,0.0,0.622321428571429,1,10,1
7,,189.0,0.02,84,0,36,0,0.0,0.7,0.3,0.0,nan,nan,479.0,0.0,0.622321428571429,1,10,1
7,,190.0,0.02,86,0,34,0,0.0,0.7166666666666667,0.2833333333333333,0.0,nan,nan,479.0,0.0,0.622321428571429,1,10,1
7,,191.0,0.02,87,0,33,0,0.0,0.725,0.275,0.0,nan,nan,479.0,0.0,0.622321428571429,1,10,1
7,,192.0,0.02,87,0,33,0,0.0,0.725,0.275,0.0,nan,nan,479.0,0.0,0.622321428571429,1,10,1
7,,193.0,0.02,87,0,33,0,0.0,0.725,0.275,0.0,nan,nan,479.0,0.0,0.622321428571429,1,10,1
7,,194.0,0.02,88,0,32,0,0.0,0.7333333333333333,0.26666666666666666,0.0,nan,nan,479.0,0.0,0.622321428571429,1,10,1
7,,195.0,0.02,89,0,31,0,0.0,0.7416666666666667,0.25833333333333336,0.0,nan,nan,479.0,0.0,0.622321428571429,1,10,1
7,,196.0,0.02,90,0,30,0,0.0,0.75,0.25,0.0,nan,nan,479.0,0.0,0.622321428571429,1,10,1
7,,197.0,0.02,90,0,30,0,0.0,0.75,0.25,0.0,nan,nan,479.0,0.0,0.622321428571429,1,10,1
7,,198.0,0.02,91,0,29,0,0.0,0.7583333333333333,0.24166666666666667,0.0,nan,nan,479.0,0.0,0.622321428571429,1,10,1
7,,199.0,0.02,91,0,29,0,0.0,0.7583333333333333,0.24166666666666667,0.0,nan,nan,479.0,0.0,0.622321428571429,1,10,1
7,,200.0,0.02,92,0,28,0,0.0,0.7666666666666667,0.23333333333333334,0.0,nan,nan,479.0,0.0,0.622321428571429,1,10,1
8,,100.0,0.02,43,11,66,0,0.09166666666666666,0.35833333333333334,0.55,0.0,0.36416918141125226,0.004400878474131304,467.0,0.0,0.6144775132275129,2,10,0
8,,101.0,0.02,42,12,66,0,0.1,0.35,0.55,0.0,0.35558595989697245,0.004844527208482183,466.0,0.0,0.6141402116402114,2,10,0
8,,102.0,0.02,42,11,67,0,0.09166666666666666,0.35,0.5583333333333333,0.0,0.3635289850140697,0.004554746482996386,468.0,0.0,0.6142791005291003,2,11,0
8,,103.0,0.02,43,11,66,0,0.09166666666666666,0.35833333333333334,0.55,0.0,0.3635289850140697,0.004554746482996386,467.0,0.0,0.6152711640211639,2,11,0
8,,104.0,0.02,43,11,66,0,0.09166666666666666,0.35833333333333334,0.55,0.0,0.3635289850140697,0.004554746482996386,467.0,0.0,0.6152711640211639,2,11,0
8,,105.0,0.02,45,7,68,0,0.058333333333333334,0.375,0.5666666666666667,0.0,0.38098587022815406,0.004954901640005995,470.0,0.0,0.6178439153439151,3,11,0
8,,106.0,0.02,45,8,67,0,0.06666666666666667,0.375,0.5583333333333333,0.0,0.3748573902953739,0.004598446799010671,470.0,0.0,0.6178439153439151,3,11,0
8,,107.0,0.02,45,6,69,0,0.05,0.375,0.575,0.0,0.3562700017097,0.004343052349633405,474.0,0.0,0.6242328042328039,3,11,0
8,,108.0,0.02,44,7,69,0,0.058333333333333334,0.36666666666666664,0.575,0.0,0.35062794939204356,0.003913612825816812,474.0,0.0,0.6242328042328039,3,11,0
8,,109.0,0.02,45,6,69,0,0.05,0.375,0.575,0.0,0.3655375204174017,0.003009814472998211,474.0,0.0,0.6242328042328039,3,11,0
8,,110.0,0.02,44,8,68,0,0.06666666666666667,0.36666666666666664,0.5666666666666667,0.0,0.3727494806256821,0.004000342017269654,474.0,0.0,0.6242328042328039,3,12,0
8,,111.0,0.02,45,9,66,0,0.075,0.375,0.55,0.0,0.3830472068517201,0.004404204894317806,473.0,0.0,0.6231415343915342,3,12,0
8,,112.0,0.02,45,10,65,0,0.08333333333333333,0.375,0.5416666666666666,0.0,0.38975644132843057,0.004368908850257347,473.0,0.0,0.6231415343915342,3,12,0
8,,113.0,0.02,46,9,65,0,0.075,0.38333333333333336,0.5416666666666666,0.0,0.3948144041843054,0.004598513284438507,475.0,0.0,0.623611111111111,3,12,0
8,,114.0,0.02,46,10,64,0,0.08333333333333333,0.38333333333333336,0.5333333333333333,0.0,0.38810889153866157,0.004543337054562662,475.0,0.0,0.623611111111111,3,12,0
8,,115.0,0.02,46,10,64,0,0.08333333333333333,0.38333333333333336,0.5333333333333333,0.0,0.39708302548562724,0.005934006274207575,478.0,0.0,0.627261904761905,3,12,0
8,,116.0,0.02,48,9,63,0,0.075,0.4,0.525,0.0,0.38398683794987476,0.0048782390249591,477.0,0.0,0.6263690476190477,3,12,0
8,,117.0,0.02,50,9,61,0,0.075,0.4166666666666667,0.5083333333333333,0.0,0.38398683794987476,0.0048782390249591,477.0,0.0,0.6263690476190477,3,12,0
8,,118.0,0.02,50,7,63,0,0.058333333333333334,0.4166666666666667,0.525,0.0,0.36414784395944405,0.004497805142167716,477.0,0.0,0.6259589947089949,3,12,0
8,,119.0,0.02,51,6,63,0,0.05,0.425,0.525,0.0,0.3702772296224177,0.004496839564571383,477.0,0.0,0.6255026455026458,3,12,0
8,,120.0,0.02,51,6,63,0,0.05,0.425,0.525,0.0,0.3702772296224177,0.004496839564571383,477.0,0.0,0.6255026455026458,3,12,0
8,,121.0,0.02,52,5,63,0,0.041666666666666664,0.43333333333333335,0.525,0.0,0.38066423063187066,0.004748868737663404,478.0,0.0,0.6273214285714288,3,12,0
8,,122.0,0.02,52,5,63,0,0.041666666666666664,0.43333333333333335,0.525,0.0,0.38066423063187066,0.004748868737663404,477.0,0.0,0.6242460317460317,3,12,0
8,,123.0,0.02,54,4,62,0,0.03333333333333333,0.45,0.5166666666666667,0.0,0.39715218115929185,0.004576823359105814,477.0,0.0,0.6230952380952381,3,12,0
8,,124.0,0.02,54,4,62,0,0.03333333333333333,0.45,0.5166666666666667,0.0,0.39715218115929185,0.004576823359105814,477.0,0.0,0.6230952380952381,3,12,0
8,,125.0,0.02,54,3,63,0,0.025,0.45,0.525,0.0,0.42028314896976676,0.003962264458077508,477.0,0.0,0.6230952380952381,3,12,0
8,,126.0,0.02,54,3,63,0,0.025,0.45,0.525,0.0,0.42028314896976676,0.003962264458077508,477.0,0.0,0.6230952380952381,3,12,0
8,,127.0,0.02,55,3,62,0,0.025,0.4583333333333333,0.5166666666666667,0.0,0.42028314896976676,0.003962264458077508,476.0,0.0,0.6236904761904761,3,12,0
8,,128.0,0.02,55,3,62,0,0.025,0.4583333333333333,0.5166666666666667,0.0,0.42028314896976676,0.003962264458077508,474.0,0.0,0.6245436507936508,3,12,0
8,,129.0,0.02,55,3,62,0,0.025,0.4583333333333333,0.5166666666666667,0.0,0.42028314896976676,0.003962264458077508,474.0,0.0,0.6245436507936508,3,12,0
8,,130.0,0.02,55,3,62,0,0.025,0.4583333333333333,0.5166666666666667,0.0,0.42028314896976676,0.003962264458077508,474.0,0.0,0.6245436507936508,3,12,0
8,,131.0,0.02,57,3,60,0,0.025,0.475,0.5,0.0,0.42028314896976676,0.003962264458077508,473.0,0.0,0.6240476190476191,3,12,0
8,,132.0,0.02,58,3,59,0,0.025,0.48333333333333334,0.49166666666666664,0.0,0.42028314896976676,0.003962264458077508,472.0,0.0,0.6218650793650794,3,12,0
8,,133.0,0.02,58,3,59,0,0.025,0.48333333333333334,0.49166666666666664,0.0,0.42028314896976676,0.003962264458077508,471.0,0.0,0.6202380952380953,3,12,0
8,,134.0,0.02,60,3,57,0,0.025,0.5,0.475,0.0,0.42028314896976676,0.003962264458077508,470.0,0.0,0.6197420634920635,3,12,0
8,,135.0,0.02,60,2,58,0,0.016666666666666666,0.5,0.48333333333333334,0.0,0.39339557646521994,0.0037745720215544717,473.0,0.0,0.6246031746031745,3,12,0
8,,136.0,0.02,61,1,58,0,0.008333333333333333,0.5083333333333333,0.48333333333333334,0.0,0.4548331221645272,0.0,475.0,0.0,0.6270833333333332,4,12,0
8,,137.0,0.02,61,1,58,0,0.008333333333333333,0.5083333333333333,0.48333333333333334,0.0,0.4548331221645272,0.0,475.0,0.0,0.6270833333333332,4,12,0
8,,138.0,0.02,61,1,58,0,0.008333333333333333,0.5083333333333333,0.48333333333333334,0.0,0.4548331221645272,0.0,475.0,0.0,0.6270833333333332,4,12,0
8,,139.0,0.02,61,1,58,0,0.008333333333333333,0.5083333333333333,0.48333333333333334,0.0,0.4548331221645272,0.0,475.0,0.0,0.6270833333333332,4,12,0
8,,140.0,0.02,61,1,58,0,0.008333333333333333,0.5083333333333333,0.48333333333333334,0.0,0.4548331221645272,0.0,475.0,0.0,0.6270833333333332,4,12,0
8,,141.0,0.02,63,1,56,0,0.008333333333333333,0.525,0.4666666666666667,0.0,0.4548331221645272,0.0,475.0,0.0,0.6270833333333332,4,12,0
8,,142.0,0.02,63,1,56,0,0.008333333333333333,0.525,0.4666666666666667,0.0,0.4548331221645272,0.0,475.0,0.0,0.6270833333333332,4,12,0
8,,143.0,0.02,63,1,56,0,0.008333333333333333,0.525,0.4666666666666667,0.0,0.4548331221645272,0.0,475.0,0.0,0.6270833333333332,4,12,0
8,,144.0,0.02,64,1,55,0,0.008333333333333333,0.5333333333333333,0.4583333333333333,0.0,0.4548331221645272,0.0,475.0,0.0,0.6270833333333332,4,12,0
8,,145.0,0.02,64,1,55,0,0.008333333333333333,0.5333333333333333,0.4583333333333333,0.0,0.4548331221645272,0.0,475.0,0.0,0.6270833333333332,4,12,0
8,,146.0,0.02,64,0,56,0,0.0,0.5333333333333333,0.4666666666666667,0.0,nan,nan,480.0,0.0,0.6297619047619049,4,12,1
8,,147.0,0.02,65,0,55,0,0.0,0.5416666666666666,0.4583333333333333,0.0,nan,nan,480.0,0.0,0.6297619047619049,4,12,1
8,,148.0,0.02,65,0,55,0,0.0,0.5416666666666666,0.4583333333333333,0.0,nan,nan,480.0,0.0,0.6297619047619049,4,12,1
8,,149.0,0.02,65,0,55,0,0.0,0.5416666666666666,0.4583333333333333,0.0,nan,nan,480.0,0.0,0.6297619047619049,4,12,1
8,,150.0,0.02,65,0,55,0,0.0,0.5416666666666666,0.4583333333333333,0.0,nan,nan,480.0,0.0,0.6297619047619049,4,12,1
8,,151.0,0.02,65,0,55,0,0.0,0.5416666666666666,0.4583333333333333,0.0,nan,nan,480.0,0.0,0.6297619047619049,4,12,1
8,,152.0,0.02,66,0,54,0,0.0,0.55,0.45,0.0,nan,nan,480.0,0.0,0.6297619047619049,4,12,1
8,,153.0,0.02,66,0,54,0,0.0,0.55,0.45,0.0,nan,nan,480.0,0.0,0.6297619047619049,4,12,1
8,,154.0,0.02,67,0,53,0,0.0,0.5583333333333333,0.44166666666666665,0.0,nan,nan,480.0,0.0,0.6297619047619049,4,12,1
8,,155.0,0.02,69,0,51,0,0.0,0.575,0.425,0.0,nan,nan,480.0,0.0,0.6297619047619049,4,12,1
8,,156.0,0.02,69,0,51,0,0.0,0.575,0.425,0.0,nan,nan,480.0,0.0,0.6297619047619049,4,12,1
8,,157.0,0.02,70,0,50,0,0.0,0.5833333333333334,0.4166666666666667,0.0,nan,nan,480.0,0.0,0.6297619047619049,4,12,1
8,,158.0,0.02,70,0,50,0,0.0,0.5833333333333334,0.4166666666666667,0.0,nan,nan,480.0,0.0,0.6297619047619049,4,12,1
8,,159.0,0.02,72,0,48,0,0.0,0.6,0.4,0.0,nan,nan,480.0,0.0,0.6297619047619049,4,12,1
8,,160.0,0.02,72,0,48,0,0.0,0.6,0.4,0.0,nan,nan,480.0,0.0,0.6297619047619049,4,12,1
8,,161.0,0.02,72,0,48,0,0.0,0.6,0.4,0.0,nan,nan,480.0,0.0,0.6297619047619049,4,12,1
8,,162.0,0.02,73,0,47,0,0.0,0.6083333333333333,0.39166666666666666,0.0,nan,nan,480.0,0.0,0.6297619047619049,4,12,1
8,,163.0,0.02,73,0,47,0,0.0,0.6083333333333333,0.39166666666666666,0.0,nan,nan,480.0,0.0,0.6297619047619049,4,12,1
8,,164.0,0.02,73,0,47,0,0.0,0.6083333333333333,0.39166666666666666,0.0,nan,nan,480.0,0.0,0.6297619047619049,4,12,1
8,,165.0,0.02,74,0,46,0,0.0,0.6166666666666667,0.38333333333333336,0.0,nan,nan,480.0,0.0,0.6297619047619049,4,12,1
8,,166.0,0.02,75,0,45,0,0.0,0.625,0.375,0.0,nan,nan,480.0,0.0,0.6297619047619049,4,12,1
8,,167.0,0.02,75,0,45,0,0.0,0.625,0.375,0.0,nan,nan,480.0,0.0,0.6297619047619049,4,12,1
8,,168.0,0.02,76,0,44,0,0.0,0.6333333333333333,0.36666666666666664,0.0,nan,nan,480.0,0.0,0.6297619047619049,4,12,1
8,,169.0,0.02,77,0,43,0,0.0,0.6416666666666667,0.35833333333333334,0.0,nan,nan,480.0,0.0,0.6297619047619049,4,12,1
8,,170.0,0.02,78,0,42,0,0.0,0.65,0.35,0.0,nan,nan,480.0,0.0,0.6297619047619049,4,12,1
8,,171.0,0.02,78,0,42,0,0.0,0.65,0.35,0.0,nan,nan,480.0,0.0,0.6297619047619049,4,12,1
8,,172.0,0.02,78,0,42,0,0.0,0.65,0.35,0.0,nan,nan,480.0,0.0,0.6297619047619049,4,12,1
8,,173.0,0.02,78,0,42,0,0.0,0.65,0.35,0.0,nan,nan,480.0,0.0,0.6297619047619049,4,12,1
8,,174.0,0.02,78,0,42,0,0.0,0.65,0.35,0.0,nan,nan,480.0,0.0,0.6297619047619049,4,12,1
8,,175.0,0.02,80,0,40,0,0.0,0.6666666666666666,0.3333333333333333,0.0,nan,nan,480.0,0.0,0.6297619047619049,4,12,1
8,,176.0,0.02,80,0,40,0,0.0,0.6666666666666666,0.3333333333333333,0.0,nan,nan,480.0,0.0,0.6297619047619049,4,12,1
8,,177.0,0.02,81,0,39,0,0.0,0.675,0.325,0.0,nan,nan,480.0,0.0,0.6297619047619049,4,12,1
8,,178.0,0.02,83,0,37,0,0.0,0.6916666666666667,0.30833333333333335,0.0,nan,nan,480.0,0.0,0.6297619047619049,4,12,1
8,,179.0,0.02,83,0,37,0,0.0,0.6916666666666667,0.30833333333333335,0.0,nan,nan,480.0,0.0,0.6297619047619049,4,12,1
8,,180.0,0.02,84,0,36,0,0.0,0.7,0.3,0.0,nan,nan,480.0,0.0,0.6297619047619049,4,12,1
8,,181.0,0.02,85,0,35,0,0.0,0.7083333333333334,0.2916666666666667,0.0,nan,nan,480.0,0.0,0.6297619047619049,4,12,1
8,,182.0,0.02,86,0,34,0,0.0,0.7166666666666667,0.2833333333333333,0.0,nan,nan,480.0,0.0,0.6297619047619049,4,12,1
8,,183.0,0.02,87,0,33,0,0.0,0.725,0.275,0.0,nan,nan,480.0,0.0,0.6297619047619049,4,12,1
8,,184.0,0.02,89,0,31,0,0.0,0.7416666666666667,0.25833333333333336,0.0,nan,nan,480.0,0.0,0.6297619047619049,4,12,1
8,,185.0,0.02,89,0,31,0,0.0,0.7416666666666667,0.25833333333333336,0.0,nan,nan,480.0,0.0,0.6297619047619049,4,12,1
8,,186.0,0.02,89,0,31,0,0.0,0.7416666666666667,0.25833333333333336,0.0,nan,nan,480.0,0.0,0.6297619047619049,4,12,1
8,,187.0,0.02,89,0,31,0,0.0,0.7416666666666667,0.25833333333333336,0.0,nan,nan,480.0,0.0,0.6297619047619049,4,12,1
8,,188.0,0.02,89,0,31,0,0.0,0.7416666666666667,0.25833333333333336,0.0,nan,nan,480.0,0.0,0.6297619047619049,4,12,1
8,,189.0,0.02,90,0,30,0,0.0,0.75,0.25,0.0,nan,nan,480.0,0.0,0.6297619047619049,4,12,1
8,,190.0,0.02,90,0,30,0,0.0,0.75,0.25,0.0,nan,nan,480.0,0.0,0.6297619047619049,4,12,1
8,,191.0,0.02,90,0,30,0,0.0,0.75,0.25,0.0,nan,nan,480.0,0.0,0.6297619047619049,4,12,1
8,,192.0,0.02,90,0,30,0,0.0,0.75,0.25,0.0,nan,nan,480.0,0.0,0.6297619047619049,4,12,1
8,,193.0,0.02,91,0,29,0,0.0,0.7583333333333333,0.24166666666666667,0.0,nan,nan,480.0,0.0,0.6297619047619049,4,12,1
8,,194.0,0.02,91,0,29,0,0.0,0.7583333333333333,0.24166666666666667,0.0,nan,nan,480.0,0.0,0.6297619047619049,4,12,1
8,,195.0,0.02,91,0,29,0,0.0,0.7583333333333333,0.24166666666666667,0.0,nan,nan,480.0,0.0,0.6297619047619049,4,12,1
8,,196.0,0.02,91,0,29,0,0.0,0.7583333333333333,0.24166666666666667,0.0,nan,nan,480.0,0.0,0.6297619047619049,4,12,1
8,,197.0,0.02,91,0,29,0,0.0,0.7583333333333333,0.24166666666666667,0.0,nan,nan,480.0,0.0,0.6297619047619049,4,12,1
8,,198.0,0.02,91,0,29,0,0.0,0.7583333333333333,0.24166666666666667,0.0,nan,nan,480.0,0.0,0.6297619047619049,4,12,1
8,,199.0,0.02,91,0,29,0,0.0,0.7583333333333333,0.24166666666666667,0.0,nan,nan,480.0,0.0,0.6297619047619049,4,12,1
8,,200.0,0.02,91,0,29,0,0.0,0.7583333333333333,0.24166666666666667,0.0,nan,nan,480.0,0.0,0.6297619047619049,4,12,1
9,,100.0,0.02,55,0,65,0,0.0,0.4583333333333333,0.5416666666666666,0.0,nan,nan,480.0,0.0,0.607440476190476,5,7,1
9,,101.0,0.02,55,0,65,0,0.0,0.4583333333333333,0.5416666666666666,0.0,nan,nan,480.0,0.0,0.607440476190476,5,7,1
9,,102.0,0.02,58,0,62,0,0.0,0.48333333333333334,0.5166666666666667,0.0,nan,nan,480.0,0.0,0.607440476190476,5,7,1
9,,103.0,0.02,59,0,61,0,0.0,0.49166666666666664,0.5083333333333333,0.0,nan,nan,480.0,0.0,0.607440476190476,5,7,1
9,,104.0,0.02,59,0,61,0,0.0,0.49166666666666664,0.5083333333333333,0.0,nan,nan,480.0,0.0,0.607440476190476,5,7,1
9,,105.0,0.02,59,0,61,0,0.0,0.49166666666666664,0.5083333333333333,0.0,nan,nan,480.0,0.0,0.607440476190476,5,7,1
9,,106.0,0.02,60,0,60,0,0.0,0.5,0.5,0.0,nan,nan,480.0,0.0,0.607440476190476,5,7,1
9,,107.0,0.02,60,0,60,0,0.0,0.5,0.5,0.0,nan,nan,480.0,0.0,0.607440476190476,5,7,1
9,,108.0,0.02,60,0,60,0,0.0,0.5,0.5,0.0,nan,nan,480.0,0.0,0.607440476190476,5,7,1
9,,109.0,0.02,63,0,57,0,0.0,0.525,0.475,0.0,nan,nan,480.0,0.0,0.607440476190476,5,7,1
9,,110.0,0.02,64,0,56,0,0.0,0.5333333333333333,0.4666666666666667,0.0,nan,nan,480.0,0.0,0.607440476190476,5,7,1
9,,111.0,0.02,64,0,56,0,0.0,0.5333333333333333,0.4666666666666667,0.0,nan,nan,480.0,0.0,0.607440476190476,5,7,1
9,,112.0,0.02,65,0,55,0,0.0,0.5416666666666666,0.4583333333333333,0.0,nan,nan,480.0,0.0,0.607440476190476,5,7,1
9,,113.0,0.02,65,0,55,0,0.0,0.5416666666666666,0.4583333333333333,0.0,nan,nan,480.0,0.0,0.607440476190476,5,7,1
9,,114.0,0.02,66,0,54,0,0.0,0.55,0.45,0.0,nan,nan,480.0,0.0,0.607440476190476,5,7,1
9,,115.0,0.02,67,0,53,0,0.0,0.5583333333333333,0.44166666666666665,0.0,nan,nan,480.0,0.0,0.607440476190476,5,7,1
9,,116.0,0.02,67,0,53,0,0.0,0.5583333333333333,0.44166666666666665,0.0,nan,nan,480.0,0.0,0.607440476190476,5,7,1
9,,117.0,0.02,69,0,51,0,0.0,0.575,0.425,0.0,nan,nan,480.0,0.0,0.607440476190476,5,7,1
9,,118.0,0.02,70,0,50,0,0.0,0.5833333333333334,0.4166666666666667,0.0,nan,nan,480.0,0.0,0.607440476190476,5,7,1
9,,119.0,0.02,73,0,47,0,0.0,0.6083333333333333,0.39166666666666666,0.0,nan,nan,480.0,0.0,0.607440476190476,5,7,1
9,,120.0,0.02,74,0,46,0,0.0,0.6166666666666667,0.38333333333333336,0.0,nan,nan,480.0,0.0,0.607440476190476,5,7,1
9,,121.0,0.02,75,0,45,0,0.0,0.625,0.375,0.0,nan,nan,480.0,0.0,0.607440476190476,5,7,1
9,,122.0,0.02,75,0,45,0,0.0,0.625,0.375,0.0,nan,nan,480.0,0.0,0.607440476190476,5,7,1
9,,123.0,0.02,75,0,45,0,0.0,0.625,0.375,0.0,nan,nan,480.0,0.0,0.607440476190476,5,7,1
9,,124.0,0.02,75,0,45,0,0.0,0.625,0.375,0.0,nan,nan,480.0,0.0,0.607440476190476,5,7,1
9,,125.0,0.02,75,0,45,0,0.0,0.625,0.375,0.0,nan,nan,480.0,0.0,0.607440476190476,5,7,1
9,,126.0,0.02,75,0,45,0,0.0,0.625,0.375,0.0,nan,nan,480.0,0.0,0.607440476190476,5,7,1
9,,127.0,0.02,75,0,45,0,0.0,0.625,0.375,0.0,nan,nan,480.0,0.0,0.607440476190476,5,7,1
9,,128.0,0.02,76,0,44,0,0.0,0.6333333333333333,0.36666666666666664,0.0,nan,nan,480.0,0.0,0.607440476190476,5,7,1
9,,129.0,0.02,76,0,44,0,0.0,0.6333333333333333,0.36666666666666664,0.0,nan,nan,480.0,0.0,0.607440476190476,5,7,1
9,,130.0,0.02,77,0,43,0,0.0,0.6416666666666667,0.35833333333333334,0.0,nan,nan,480.0,0.0,0.607440476190476,5,7,1
9,,131.0,0.02,79,0,41,0,0.0,0.6583333333333333,0.3416666666666667,0.0,nan,nan,480.0,0.0,0.607440476190476,5,7,1
9,,132.0,0.02,79,0,41,0,0.0,0.6583333333333333,0.3416666666666667,0.0,nan,nan,480.0,0.0,0.607440476190476,5,7,1
9,,133.0,0.02,81,0,39,0,0.0,0.675,0.325,0.0,nan,nan,480.0,0.0,0.607440476190476,5,7,1
9,,134.0,0.02,83,0,37,0,0.0,0.6916666666666667,0.30833333333333335,0.0,nan,nan,480.0,0.0,0.607440476190476,5,7,1
9,,135.0,0.02,84,0,36,0,0.0,0.7,0.3,0.0,nan,nan,480.0,0.0,0.607440476190476,5,7,1
9,,136.0,0.02,85,0,35,0,0.0,0.7083333333333334,0.2916666666666667,0.0,nan,nan,480.0,0.0,0.607440476190476,5,7,1
9,,137.0,0.02,85,0,35,0,0.0,0.7083333333333334,0.2916666666666667,0.0,nan,nan,480.0,0.0,0.607440476190476,5,7,1
9,,138.0,0.02,86,0,34,0,0.0,0.7166666666666667,0.2833333333333333,0.0,nan,nan,480.0,0.0,0.607440476190476,5,7,1
9,,139.0,0.02,86,0,34,0,0.0,0.7166666666666667,0.2833333333333333,0.0,nan,nan,480.0,0.0,0.607440476190476,5,7,1
9,,140.0,0.02,86,0,34,0,0.0,0.7166666666666667,0.2833333333333333,0.0,nan,nan,480.0,0.0,0.607440476190476,5,7,1
9,,141.0,0.02,86,0,34,0,0.0,0.7166666666666667,0.2833333333333333,0.0,nan,nan,480.0,0.0,0.607440476190476,5,7,1
9,,142.0,0.02,86,0,34,0,0.0,0.7166666666666667,0.2833333333333333,0.0,nan,nan,480.0,0.0,0.607440476190476,5,7,1
9,,143.0,0.02,86,0,34,0,0.0,0.7166666666666667,0.2833333333333333,0.0,nan,nan,480.0,0.0,0.607440476190476,5,7,1
9,,144.0,0.02,88,0,32,0,0.0,0.7333333333333333,0.26666666666666666,0.0,nan,nan,480.0,0.0,0.607440476190476,5,7,1
9,,145.0,0.02,88,0,32,0,0.0,0.7333333333333333,0.26666666666666666,0.0,nan,nan,480.0,0.0,0.607440476190476,5,7,1
9,,146.0,0.02,88,0,32,0,0.0,0.7333333333333333,0.26666666666666666,0.0,nan,nan,480.0,0.0,0.607440476190476,5,7,1
9,,147.0,0.02,88,0,32,0,0.0,0.7333333333333333,0.26666666666666666,0.0,nan,nan,480.0,0.0,0.607440476190476,5,7,1
9,,148.0,0.02,88,0,32,0,0.0,0.7333333333333333,0.26666666666666666,0.0,nan,nan,480.0,0.0,0.607440476190476,5,7,1
9,,149.0,0.02,88,0,32,0,0.0,0.7333333333333333,0.26666666666666666,0.0,nan,nan,480.0,0.0,0.607440476190476,5,7,1
9,,150.0,0.02,89,0,31,0,0.0,0.7416666666666667,0.25833333333333336,0.0,nan,nan,480.0,0.0,0.607440476190476,5,7,1
9,,151.0,0.02,89,0,31,0,0.0,0.7416666666666667,0.25833333333333336,0.0,nan,nan,480.0,0.0,0.607440476190476,5,7,1
9,,152.0,0.02,90,0,30,0,0.0,0.75,0.25,0.0,nan,nan,480.0,0.0,0.607440476190476,5,7,1
9,,153.0,0.02,91,0,29,0,0.0,0.7583333333333333,0.24166666666666667,0.0,nan,nan,480.0,0.0,0.607440476190476,5,7,1
9,,154.0,0.02,91,0,29,0,0.0,0.7583333333333333,0.24166666666666667,0.0,nan,nan,480.0,0.0,0.607440476190476,5,7,1
9,,155.0,0.02,91,0,29,0,0.0,0.7583333333333333,0.24166666666666667,0.0,nan,nan,480.0,0.0,0.607440476190476,5,7,1
9,,156.0,0.02,91,0,29,0,0.0,0.7583333333333333,0.24166666666666667,0.0,nan,nan,480.0,0.0,0.607440476190476,5,7,1
9,,157.0,0.02,91,0,29,0,0.0,0.7583333333333333,0.24166666666666667,0.0,nan,nan,480.0,0.0,0.607440476190476,5,7,1
9,,158.0,0.02,91,0,29,0,0.0,0.7583333333333333,0.24166666666666667,0.0,nan,nan,480.0,0.0,0.607440476190476,5,7,1
9,,159.0,0.02,91,0,29,0,0.0,0.7583333333333333,0.24166666666666667,0.0,nan,nan,480.0,0.0,0.607440476190476,5,7,1
9,,160.0,0.02,92,0,28,0,0.0,0.7666666666666667,0.23333333333333334,0.0,nan,nan,480.0,0.0,0.607440476190476,5,7,1
9,,161.0,0.02,92,0,28,0,0.0,0.7666666666666667,0.23333333333333334,0.0,nan,nan,480.0,0.0,0.607440476190476,5,7,1
9,,162.0,0.02,92,0,28,0,0.0,0.7666666666666667,0.23333333333333334,0.0,nan,nan,480.0,0.0,0.607440476190476,5,7,1
9,,163.0,0.02,92,0,28,0,0.0,0.7666666666666667,0.23333333333333334,0.0,nan,nan,480.0,0.0,0.607440476190476,5,7,1
9,,164.0,0.02,92,0,28,0,0.0,0.7666666666666667,0.23333333333333334,0.0,nan,nan,480.0,0.0,0.607440476190476,5,7,1
9,,165.0,0.02,92,0,28,0,0.0,0.7666666666666667,0.23333333333333334,0.0,nan,nan,480.0,0.0,0.607440476190476,5,7,1
9,,166.0,0.02,92,0,28,0,0.0,0.7666666666666667,0.23333333333333334,0.0,nan,nan,480.0,0.0,0.607440476190476,5,7,1
9,,167.0,0.02,93,0,27,0,0.0,0.775,0.225,0.0,nan,nan,480.0,0.0,0.607440476190476,5,7,1
9,,168.0,0.02,93,0,27,0,0.0,0.775,0.225,0.0,nan,nan,480.0,0.0,0.607440476190476,5,7,1
9,,169.0,0.02,94,0,26,0,0.0,0.7833333333333333,0.21666666666666667,0.0,nan,nan,480.0,0.0,0.607440476190476,5,7,1
9,,170.0,0.02,94,0,26,0,0.0,0.7833333333333333,0.21666666666666667,0.0,nan,nan,480.0,0.0,0.607440476190476,5,7,1
9,,171.0,0.02,94,0,26,0,0.0,0.7833333333333333,0.21666666666666667,0.0,nan,nan,480.0,0.0,0.607440476190476,5,7,1
9,,172.0,0.02,94,0,26,0,0.0,0.7833333333333333,0.21666666666666667,0.0,nan,nan,480.0,0.0,0.607440476190476,5,7,1
9,,173.0,0.02,94,0,26,0,0.0,0.7833333333333333,0.21666666666666667,0.0,nan,nan,480.0,0.0,0.607440476190476,5,7,1
9,,174.0,0.02,95,0,25,0,0.0,0.7916666666666666,0.20833333333333334,0.0,nan,nan,480.0,0.0,0.607440476190476,5,7,1
9,,175.0,0.02,95,0,25,0,0.0,0.7916666666666666,0.20833333333333334,0.0,nan,nan,480.0,0.0,0.607440476190476,5,7,1
9,,176.0,0.02,95,0,25,0,0.0,0.7916666666666666,0.20833333333333334,0.0,nan,nan,480.0,0.0,0.607440476190476,5,7,1
9,,177.0,0.02,95,0,25,0,0.0,0.7916666666666666,0.20833333333333334,0.0,nan,nan,480.0,0.0,0.607440476190476,5,7,1
9,,178.0,0.02,95,0,25,0,0.0,0.7916666666666666,0.20833333333333334,0.0,nan,nan,480.0,0.0,0.607440476190476,5,7,1
9,,179.0,0.02,95,0,25,0,0.0,0.7916666666666666,0.20833333333333334,0.0,nan,nan,480.0,0.0,0.607440476190476,5,7,1
9,,180.0,0.02,95,0,25,0,0.0,0.7916666666666666,0.20833333333333334,0.0,nan,nan,480.0,0.0,0.607440476190476,5,7,1
9,,181.0,0.02,95,0,25,0,0.0,0.7916666666666666,0.20833333333333334,0.0,nan,nan,480.0,0.0,0.607440476190476,5,7,1
9,,182.0,0.02,96,0,24,0,0.0,0.8,0.2,0.0,nan,nan,480.0,0.0,0.607440476190476,5,7,1
9,,183.0,0.02,96,0,24,0,0.0,0.8,0.2,0.0,nan,nan,480.0,0.0,0.607440476190476,5,7,1
9,,184.0,0.02,96,0,24,0,0.0,0.8,0.2,0.0,nan,nan,480.0,0.0,0.607440476190476,5,7,1
9,,185.0,0.02,96,0,24,0,0.0,0.8,0.2,0.0,nan,nan,480.0,0.0,0.607440476190476,5,7,1
9,,186.0,0.02,96,0,24,0,0.0,0.8,0.2,0.0,nan,nan,480.0,0.0,0.607440476190476,5,7,1
9,,187.0,0.02,96,0,24,0,0.0,0.8,0.2,0.0,nan,nan,480.0,0.0,0.607440476190476,5,7,1
9,,188.0,0.02,96,0,24,0,0.0,0.8,0.2,0.0,nan,nan,480.0,0.0,0.607440476190476,5,7,1
9,,189.0,0.02,98,0,22,0,0.0,0.8166666666666667,0.18333333333333332,0.0,nan,nan,480.0,0.0,0.607440476190476,5,7,1
9,,190.0,0.02,99,0,21,0,0.0,0.825,0.175,0.0,nan,nan,480.0,0.0,0.607440476190476,5,7,1
9,,191.0,0.02,100,0,20,0,0.0,0.8333333333333334,0.16666666666666666,0.0,nan,nan,480.0,0.0,0.607440476190476,5,7,1
9,,192.0,0.02,100,0,20,0,0.0,0.8333333333333334,0.16666666666666666,0.0,nan,nan,480.0,0.0,0.607440476190476,5,7,1
9,,193.0,0.02,101,0,19,0,0.0,0.8416666666666667,0.15833333333333333,0.0,nan,nan,480.0,0.0,0.607440476190476,5,7,1
9,,194.0,0.02,103,0,17,0,0.0,0.8583333333333333,0.14166666666666666,0.0,nan,nan,480.0,0.0,0.607440476190476,5,7,1
9,,195.0,0.02,103,0,17,0,0.0,0.8583333333333333,0.14166666666666666,0.0,nan,nan,480.0,0.0,0.607440476190476,5,7,1
9,,196.0,0.02,103,0,17,0,0.0,0.8583333333333333,0.14166666666666666,0.0,nan,nan,480.0,0.0,0.607440476190476,5,7,1
9,,197.0,0.02,103,0,17,0,0.0,0.8583333333333333,0.14166666666666666,0.0,nan,nan,480.0,0.0,0.607440476190476,5,7,1
9,,198.0,0.02,103,0,17,0,0.0,0.8583333333333333,0.14166666666666666,0.0,nan,nan,480.0,0.0,0.607440476190476,5,7,1
9,,199.0,0.02,104,0,16,0,0.0,0.8666666666666667,0.13333333333333333,0.0,nan,nan,480.0,0.0,0.607440476190476,5,7,1
9,,200.0,0.02,104,0,16,0,0.0,0.8666666666666667,0.13333333333333333,0.0,nan,nan,480.0,0.0,0.607440476190476,5,7,1
